task,train_size,lr,strat,stop_ep,gap,max_jump,roughness,room_after_decide,_cid
cifar10,6000,0.003,early,8,0.03479999303817749,0.060932506910763906,0.026477982517664034,0.028375526518216176,0
cifar10,6000,0.003,smart_trend,11,0.05749998986721039,0.060932506910763906,0.026477982517664034,0.028375526518216176,0
cifar10,6000,0.003,smart_meta,11,0.05749998986721039,0.060932506910763906,0.026477982517664034,0.028375526518216176,0
cifar10,6000,0.003,param,11,0.05749998986721039,0.060932506910763906,0.026477982517664034,0.028375526518216176,0
cifar10,2000,0.0005,early,20,0.03630000352859497,0.045957434255424645,0.02123847170560495,0.05434448476077214,1
cifar10,2000,0.0005,smart_trend,14,0.05160000920295715,0.045957434255424645,0.02123847170560495,0.05434448476077214,1
cifar10,2000,0.0005,smart_meta,11,0.0690000057220459,0.045957434255424645,0.02123847170560495,0.05434448476077214,1
cifar10,2000,0.0005,param,11,0.0690000057220459,0.045957434255424645,0.02123847170560495,0.05434448476077214,1
cifar10,800,0.003,early,17,0.04189997911453247,0.08616704733795277,0.022154119336105695,0.04392827826667456,2
cifar10,800,0.003,smart_trend,11,0.06209997832775116,0.08616704733795277,0.022154119336105695,0.04392827826667456,2
cifar10,800,0.003,smart_meta,11,0.06209997832775116,0.08616704733795277,0.022154119336105695,0.04392827826667456,2
cifar10,800,0.003,param,11,0.06209997832775116,0.08616704733795277,0.022154119336105695,0.04392827826667456,2
cifar10,800,0.001,early,22,0.0487000048160553,0.08916767804928982,0.03246056609427081,0.054638666480218645,3
cifar10,800,0.001,smart_trend,13,0.061700016260147095,0.08916767804928982,0.03246056609427081,0.054638666480218645,3
cifar10,800,0.001,smart_meta,13,0.061700016260147095,0.08916767804928982,0.03246056609427081,0.054638666480218645,3
cifar10,800,0.001,param,11,0.061700016260147095,0.08916767804928982,0.03246056609427081,0.054638666480218645,3
cifar10,2000,0.005,early,13,0.034299999475479126,0.20257103892521489,0.06264774085605053,0.018417336015598584,4
cifar10,2000,0.005,smart_trend,13,0.034299999475479126,0.20257103892521489,0.06264774085605053,0.018417336015598584,4
cifar10,2000,0.005,smart_meta,11,0.034299999475479126,0.20257103892521489,0.06264774085605053,0.018417336015598584,4
cifar10,2000,0.005,param,11,0.034299999475479126,0.20257103892521489,0.06264774085605053,0.018417336015598584,4
cifar10,300,0.003,early,24,0.03020000457763672,0.17887081050868026,0.08357756744259862,0.05554217103088055,5
cifar10,300,0.003,smart_trend,11,0.06450000405311584,0.17887081050868026,0.08357756744259862,0.05554217103088055,5
cifar10,300,0.003,smart_meta,11,0.06450000405311584,0.17887081050868026,0.08357756744259862,0.05554217103088055,5
cifar10,300,0.003,param,11,0.06450000405311584,0.17887081050868026,0.08357756744259862,0.05554217103088055,5
cifar10,800,0.0003,early,32,0.05059999227523804,0.11378686943239336,0.04864717654582388,0.07750424478212403,6
cifar10,800,0.0003,smart_trend,17,0.07559999823570251,0.11378686943239336,0.04864717654582388,0.07750424478212403,6
cifar10,800,0.0003,smart_meta,13,0.0812000036239624,0.11378686943239336,0.04864717654582388,0.07750424478212403,6
cifar10,800,0.0003,param,11,0.09650000929832458,0.11378686943239336,0.04864717654582388,0.07750424478212403,6
cifar10,6000,0.0003,early,43,0.018600016832351685,0.0335101787380645,0.012640504430221891,0.0843704462057191,7
cifar10,6000,0.0003,smart_trend,14,0.07140001654624939,0.0335101787380645,0.012640504430221891,0.0843704462057191,7
cifar10,6000,0.0003,smart_meta,13,0.07400000095367432,0.0335101787380645,0.012640504430221891,0.0843704462057191,7
cifar10,6000,0.0003,param,11,0.07400000095367432,0.0335101787380645,0.012640504430221891,0.0843704462057191,7
cifar10,2000,0.003,early,12,0.043200016021728516,0.053363157760226265,0.024196205579073066,0.04711187923544191,8
cifar10,2000,0.003,smart_trend,11,0.043200016021728516,0.053363157760226265,0.024196205579073066,0.04711187923544191,8
cifar10,2000,0.003,smart_meta,11,0.043200016021728516,0.053363157760226265,0.024196205579073066,0.04711187923544191,8
cifar10,2000,0.003,param,11,0.043200016021728516,0.053363157760226265,0.024196205579073066,0.04711187923544191,8
cifar10,6000,0.003,early,21,0.01580001413822174,0.044958812494902634,0.024209532910370177,0.03607558589190851,9
cifar10,6000,0.003,smart_trend,11,0.023100003600120544,0.044958812494902634,0.024209532910370177,0.03607558589190851,9
cifar10,6000,0.003,smart_meta,11,0.023100003600120544,0.044958812494902634,0.024209532910370177,0.03607558589190851,9
cifar10,6000,0.003,param,11,0.023100003600120544,0.044958812494902634,0.024209532910370177,0.03607558589190851,9
cifar10,2000,0.005,early,29,0.011899992823600769,0.07239015488701661,0.03306762135368893,0.062189238925482004,10
cifar10,2000,0.005,smart_trend,11,0.038599997758865356,0.07239015488701661,0.03306762135368893,0.062189238925482004,10
cifar10,2000,0.005,smart_meta,11,0.038599997758865356,0.07239015488701661,0.03306762135368893,0.062189238925482004,10
cifar10,2000,0.005,param,11,0.038599997758865356,0.07239015488701661,0.03306762135368893,0.062189238925482004,10
cifar10,6000,0.0005,early,24,0.022200018167495728,0.0472791312761105,0.01639187624202439,0.07484900247232018,11
cifar10,6000,0.0005,smart_trend,15,0.03560000658035278,0.0472791312761105,0.01639187624202439,0.07484900247232018,11
cifar10,6000,0.0005,smart_meta,11,0.052199989557266235,0.0472791312761105,0.01639187624202439,0.07484900247232018,11
cifar10,6000,0.0005,param,11,0.052199989557266235,0.0472791312761105,0.01639187624202439,0.07484900247232018,11
cifar10,800,0.0003,early,59,0.009700000286102295,0.011468978833047316,0.006456192335524511,0.07716867811680206,12
cifar10,800,0.0003,smart_trend,11,0.10020001232624054,0.011468978833047316,0.006456192335524511,0.07716867811680206,12
cifar10,800,0.0003,smart_meta,13,0.08820000290870667,0.011468978833047316,0.006456192335524511,0.07716867811680206,12
cifar10,800,0.0003,param,11,0.10020001232624054,0.011468978833047316,0.006456192335524511,0.07716867811680206,12
cifar10,6000,0.001,early,31,0.06389999389648438,0.022549422998616397,0.011242478602534715,0.06073736363772031,13
cifar10,6000,0.001,smart_trend,11,0.08540000021457672,0.022549422998616397,0.011242478602534715,0.06073736363772031,13
cifar10,6000,0.001,smart_meta,11,0.08540000021457672,0.022549422998616397,0.011242478602534715,0.06073736363772031,13
cifar10,6000,0.001,param,11,0.08540000021457672,0.022549422998616397,0.011242478602534715,0.06073736363772031,13
cifar10,300,0.003,early,12,0.0,0.009064022896017154,0.00017746717997846494,0.0002905711821379331,14
cifar10,300,0.003,smart_trend,11,0.0,0.009064022896017154,0.00017746717997846494,0.0002905711821379331,14
cifar10,300,0.003,smart_meta,11,0.0,0.009064022896017154,0.00017746717997846494,0.0002905711821379331,14
cifar10,300,0.003,param,11,0.0,0.009064022896017154,0.00017746717997846494,0.0002905711821379331,14
cifar10,2000,0.005,early,9,0.049100011587142944,0.2501389502009401,0.12299721110250438,0.02067099909130976,15
cifar10,2000,0.005,smart_trend,12,0.027799993753433228,0.2501389502009401,0.12299721110250438,0.02067099909130976,15
cifar10,2000,0.005,smart_meta,12,0.027799993753433228,0.2501389502009401,0.12299721110250438,0.02067099909130976,15
cifar10,2000,0.005,param,11,0.027799993753433228,0.2501389502009401,0.12299721110250438,0.02067099909130976,15
cifar10,800,0.001,early,17,0.015599995851516724,0.1286582818066766,0.044441092328875116,0.018324990790339557,16
cifar10,800,0.001,smart_trend,11,0.029399991035461426,0.1286582818066766,0.044441092328875116,0.018324990790339557,16
cifar10,800,0.001,smart_meta,14,0.015599995851516724,0.1286582818066766,0.044441092328875116,0.018324990790339557,16
cifar10,800,0.001,param,11,0.029399991035461426,0.1286582818066766,0.044441092328875116,0.018324990790339557,16
cifar10,2000,0.001,early,76,0.004099994897842407,0.04324185046840989,0.008281056758341685,0.08406395538401379,17
cifar10,2000,0.001,smart_trend,11,0.0762999951839447,0.04324185046840989,0.008281056758341685,0.08406395538401379,17
cifar10,2000,0.001,smart_meta,11,0.0762999951839447,0.04324185046840989,0.008281056758341685,0.08406395538401379,17
cifar10,2000,0.001,param,11,0.0762999951839447,0.04324185046840989,0.008281056758341685,0.08406395538401379,17
cifar10,300,0.0003,early,71,0.009000003337860107,0.021873541528525164,0.005560262822324329,0.08069618239611287,18
cifar10,300,0.0003,smart_trend,11,0.1112000048160553,0.021873541528525164,0.005560262822324329,0.08069618239611287,18
cifar10,300,0.0003,smart_meta,11,0.1112000048160553,0.021873541528525164,0.005560262822324329,0.08069618239611287,18
cifar10,300,0.0003,param,11,0.1112000048160553,0.021873541528525164,0.005560262822324329,0.08069618239611287,18
cifar10,2000,0.0005,early,21,0.03470000624656677,0.15461523229410412,0.0695696816640676,0.03147049151332415,19
cifar10,2000,0.0005,smart_trend,13,0.04829999804496765,0.15461523229410412,0.0695696816640676,0.03147049151332415,19
cifar10,2000,0.0005,smart_meta,11,0.054699987173080444,0.15461523229410412,0.0695696816640676,0.03147049151332415,19
cifar10,2000,0.0005,param,11,0.054699987173080444,0.15461523229410412,0.0695696816640676,0.03147049151332415,19
cifar10,800,0.0003,early,31,0.016100019216537476,0.05484137718147797,0.019906360852825426,0.05437714613401523,20
cifar10,800,0.0003,smart_trend,16,0.03380000591278076,0.05484137718147797,0.019906360852825426,0.05437714613401523,20
cifar10,800,0.0003,smart_meta,11,0.0706000030040741,0.05484137718147797,0.019906360852825426,0.05437714613401523,20
cifar10,800,0.0003,param,11,0.0706000030040741,0.05484137718147797,0.019906360852825426,0.05437714613401523,20
cifar10,2000,0.005,early,11,0.0,0.0013552785384378652,0.00010449320674078349,5.543146101516516e-05,21
cifar10,2000,0.005,smart_trend,11,0.0,0.0013552785384378652,0.00010449320674078349,5.543146101516516e-05,21
cifar10,2000,0.005,smart_meta,11,0.0,0.0013552785384378652,0.00010449320674078349,5.543146101516516e-05,21
cifar10,2000,0.005,param,11,0.0,0.0013552785384378652,0.00010449320674078349,5.543146101516516e-05,21
cifar10,800,0.005,early,19,0.004500001668930054,0.07147088179706074,0.0162602906357041,0.04357113032540072,22
cifar10,800,0.005,smart_trend,11,0.007199987769126892,0.07147088179706074,0.0162602906357041,0.04357113032540072,22
cifar10,800,0.005,smart_meta,11,0.007199987769126892,0.07147088179706074,0.0162602906357041,0.04357113032540072,22
cifar10,800,0.005,param,11,0.007199987769126892,0.07147088179706074,0.0162602906357041,0.04357113032540072,22
cifar10,800,0.003,early,22,0.0,6.349174937081425e-05,3.160768316743554e-05,0.00046299502950308824,23
cifar10,800,0.003,smart_trend,11,0.0,6.349174937081425e-05,3.160768316743554e-05,0.00046299502950308824,23
cifar10,800,0.003,smart_meta,11,0.0,6.349174937081425e-05,3.160768316743554e-05,0.00046299502950308824,23
cifar10,800,0.003,param,11,0.0,6.349174937081425e-05,3.160768316743554e-05,0.00046299502950308824,23
cifar10,2000,0.0003,early,48,0.013000011444091797,0.027012324464502635,0.008977412841585663,0.09837709000803596,24
cifar10,2000,0.0003,smart_trend,19,0.041999995708465576,0.027012324464502635,0.008977412841585663,0.09837709000803596,24
cifar10,2000,0.0003,smart_meta,15,0.05230000615119934,0.027012324464502635,0.008977412841585663,0.09837709000803596,24
cifar10,2000,0.0003,param,11,0.08000001311302185,0.027012324464502635,0.008977412841585663,0.09837709000803596,24
cifar10,300,0.0003,early,102,0.010100007057189941,0.0031748632823982437,0.001581308885199231,0.03411986142106127,25
cifar10,300,0.0003,smart_trend,11,0.05150000751018524,0.0031748632823982437,0.001581308885199231,0.03411986142106127,25
cifar10,300,0.0003,smart_meta,11,0.05150000751018524,0.0031748632823982437,0.001581308885199231,0.03411986142106127,25
cifar10,300,0.0003,param,11,0.05150000751018524,0.0031748632823982437,0.001581308885199231,0.03411986142106127,25
cifar10,2000,0.003,early,52,0.004100009799003601,0.041315945232728635,0.012940046967388479,0.06558547607453036,26
cifar10,2000,0.003,smart_trend,11,0.05870000272989273,0.041315945232728635,0.012940046967388479,0.06558547607453036,26
cifar10,2000,0.003,smart_meta,11,0.05870000272989273,0.041315945232728635,0.012940046967388479,0.06558547607453036,26
cifar10,2000,0.003,param,11,0.05870000272989273,0.041315945232728635,0.012940046967388479,0.06558547607453036,26
cifar10,2000,0.003,early,26,0.014699995517730713,0.10986831436901234,0.024851630618917712,0.04307887367205421,27
cifar10,2000,0.003,smart_trend,11,0.02950000762939453,0.10986831436901234,0.024851630618917712,0.04307887367205421,27
cifar10,2000,0.003,smart_meta,11,0.02950000762939453,0.10986831436901234,0.024851630618917712,0.04307887367205421,27
cifar10,2000,0.003,param,11,0.02950000762939453,0.10986831436901234,0.024851630618917712,0.04307887367205421,27
cifar10,800,0.005,early,17,0.0,0.24129868813147803,0.09986082133189335,0.032863664194235365,28
cifar10,800,0.005,smart_trend,14,0.0,0.24129868813147803,0.09986082133189335,0.032863664194235365,28
cifar10,800,0.005,smart_meta,13,0.0,0.24129868813147803,0.09986082133189335,0.032863664194235365,28
cifar10,800,0.005,param,11,0.012499988079071045,0.24129868813147803,0.09986082133189335,0.032863664194235365,28
cifar10,300,0.005,early,19,0.014999985694885254,0.19837804728704245,0.08626696883489766,0.0189405268529782,29
cifar10,300,0.005,smart_trend,15,0.014999985694885254,0.19837804728704245,0.08626696883489766,0.0189405268529782,29
cifar10,300,0.005,smart_meta,11,0.053700000047683716,0.19837804728704245,0.08626696883489766,0.0189405268529782,29
cifar10,300,0.005,param,12,0.0364999920129776,0.19837804728704245,0.08626696883489766,0.0189405268529782,29
cifar10,6000,0.001,early,24,0.027100026607513428,0.044714440116813914,0.019815246871768274,0.07547568005002947,30
cifar10,6000,0.001,smart_trend,11,0.05820000171661377,0.044714440116813914,0.019815246871768274,0.07547568005002947,30
cifar10,6000,0.001,smart_meta,15,0.04240000247955322,0.044714440116813914,0.019815246871768274,0.07547568005002947,30
cifar10,6000,0.001,param,11,0.05820000171661377,0.044714440116813914,0.019815246871768274,0.07547568005002947,30
cifar10,300,0.0005,early,34,0.03689998388290405,0.20186909075365467,0.05035999670476007,0.05990490174284846,31
cifar10,300,0.0005,smart_trend,18,0.0754999965429306,0.20186909075365467,0.05035999670476007,0.05990490174284846,31
cifar10,300,0.0005,smart_meta,19,0.0754999965429306,0.20186909075365467,0.05035999670476007,0.05990490174284846,31
cifar10,300,0.0005,param,11,0.12680000066757202,0.20186909075365467,0.05035999670476007,0.05990490174284846,31
cifar10,800,0.003,early,15,0.03290000557899475,0.46941112545011565,0.09034054000912495,0.0,32
cifar10,800,0.003,smart_trend,12,0.03290000557899475,0.46941112545011565,0.09034054000912495,0.0,32
cifar10,800,0.003,smart_meta,11,0.03290000557899475,0.46941112545011565,0.09034054000912495,0.0,32
cifar10,800,0.003,param,11,0.03290000557899475,0.46941112545011565,0.09034054000912495,0.0,32
cifar10,6000,0.003,early,16,0.009599998593330383,0.044460148316342596,0.020021818974835077,0.031947555285291585,33
cifar10,6000,0.003,smart_trend,11,0.009599998593330383,0.044460148316342596,0.020021818974835077,0.031947555285291585,33
cifar10,6000,0.003,smart_meta,11,0.009599998593330383,0.044460148316342596,0.020021818974835077,0.031947555285291585,33
cifar10,6000,0.003,param,11,0.009599998593330383,0.044460148316342596,0.020021818974835077,0.031947555285291585,33
cifar10,300,0.001,early,43,0.0,4.1485267274210536e-05,5.6892120050341845e-06,0.000728308352271112,34
cifar10,300,0.001,smart_trend,11,0.0,4.1485267274210536e-05,5.6892120050341845e-06,0.000728308352271112,34
cifar10,300,0.001,smart_meta,11,0.0,4.1485267274210536e-05,5.6892120050341845e-06,0.000728308352271112,34
cifar10,300,0.001,param,11,0.0,4.1485267274210536e-05,5.6892120050341845e-06,0.000728308352271112,34
cifar10,6000,0.0005,early,38,0.005199998617172241,0.03658207597014451,0.014298764102505038,0.0602229806848158,35
cifar10,6000,0.0005,smart_trend,11,0.024999991059303284,0.03658207597014451,0.014298764102505038,0.0602229806848158,35
cifar10,6000,0.0005,smart_meta,11,0.024999991059303284,0.03658207597014451,0.014298764102505038,0.0602229806848158,35
cifar10,6000,0.0005,param,11,0.024999991059303284,0.03658207597014451,0.014298764102505038,0.0602229806848158,35
cifar10,300,0.0005,early,59,0.012699991464614868,0.018873130166592422,0.008873665003492372,0.04363471490058923,36
cifar10,300,0.0005,smart_trend,11,0.023399993777275085,0.018873130166592422,0.008873665003492372,0.04363471490058923,36
cifar10,300,0.0005,smart_meta,11,0.023399993777275085,0.018873130166592422,0.008873665003492372,0.04363471490058923,36
cifar10,300,0.0005,param,11,0.023399993777275085,0.018873130166592422,0.008873665003492372,0.04363471490058923,36
cifar10,2000,0.003,early,20,0.0,5.8874523619856234e-05,3.631934550015224e-05,4.947525756826554e-05,37
cifar10,2000,0.003,smart_trend,11,0.0,5.8874523619856234e-05,3.631934550015224e-05,4.947525756826554e-05,37
cifar10,2000,0.003,smart_meta,11,0.0,5.8874523619856234e-05,3.631934550015224e-05,4.947525756826554e-05,37
cifar10,2000,0.003,param,11,0.0,5.8874523619856234e-05,3.631934550015224e-05,4.947525756826554e-05,37
cifar10,6000,0.005,early,18,0.01910001039505005,0.10787621872676123,0.04183812962938956,0.03778827830280396,38
cifar10,6000,0.005,smart_trend,11,0.024199992418289185,0.10787621872676123,0.04183812962938956,0.03778827830280396,38
cifar10,6000,0.005,smart_meta,11,0.024199992418289185,0.10787621872676123,0.04183812962938956,0.03778827830280396,38
cifar10,6000,0.005,param,11,0.024199992418289185,0.10787621872676123,0.04183812962938956,0.03778827830280396,38
cifar10,800,0.005,early,18,0.03669998049736023,0.47905831669944376,0.13252319270036125,0.013867908385349237,39
cifar10,800,0.005,smart_trend,15,0.03669998049736023,0.47905831669944376,0.13252319270036125,0.013867908385349237,39
cifar10,800,0.005,smart_meta,11,0.052499979734420776,0.47905831669944376,0.13252319270036125,0.013867908385349237,39
cifar10,800,0.005,param,11,0.052499979734420776,0.47905831669944376,0.13252319270036125,0.013867908385349237,39
cifar10,2000,0.001,early,24,0.015799999237060547,0.1362138822015292,0.03934391505453578,0.04743416226926633,40
cifar10,2000,0.001,smart_trend,16,0.028400003910064697,0.1362138822015292,0.03934391505453578,0.04743416226926633,40
cifar10,2000,0.001,smart_meta,11,0.060100018978118896,0.1362138822015292,0.03934391505453578,0.04743416226926633,40
cifar10,2000,0.001,param,11,0.060100018978118896,0.1362138822015292,0.03934391505453578,0.04743416226926633,40
cifar10,2000,0.001,early,21,0.015799999237060547,0.1912460988465441,0.05178106514570435,0.04286731018033518,41
cifar10,2000,0.001,smart_trend,15,0.03349998593330383,0.1912460988465441,0.05178106514570435,0.04286731018033518,41
cifar10,2000,0.001,smart_meta,13,0.030399978160858154,0.1912460988465441,0.05178106514570435,0.04286731018033518,41
cifar10,2000,0.001,param,11,0.030399978160858154,0.1912460988465441,0.05178106514570435,0.04286731018033518,41
cifar10,300,0.0003,early,100,0.00030000507831573486,0.004275709455440757,0.0017605480690172154,0.05117554178743211,42
cifar10,300,0.0003,smart_trend,11,0.06400001049041748,0.004275709455440757,0.0017605480690172154,0.05117554178743211,42
cifar10,300,0.0003,smart_meta,11,0.06400001049041748,0.004275709455440757,0.0017605480690172154,0.05117554178743211,42
cifar10,300,0.0003,param,11,0.06400001049041748,0.004275709455440757,0.0017605480690172154,0.05117554178743211,42
cifar10,2000,0.001,early,33,0.01969999074935913,0.05309448023012486,0.019009406715471407,0.045236142690494696,43
cifar10,2000,0.001,smart_trend,17,0.038099974393844604,0.05309448023012486,0.019009406715471407,0.045236142690494696,43
cifar10,2000,0.001,smart_meta,16,0.038099974393844604,0.05309448023012486,0.019009406715471407,0.045236142690494696,43
cifar10,2000,0.001,param,11,0.05339998006820679,0.05309448023012486,0.019009406715471407,0.045236142690494696,43
cifar10,6000,0.003,early,15,0.00899997353553772,0.07373909317268257,0.030725505307211683,0.02183948026454907,44
cifar10,6000,0.003,smart_trend,11,0.00899997353553772,0.07373909317268257,0.030725505307211683,0.02183948026454907,44
cifar10,6000,0.003,smart_meta,12,0.00899997353553772,0.07373909317268257,0.030725505307211683,0.02183948026454907,44
cifar10,6000,0.003,param,11,0.00899997353553772,0.07373909317268257,0.030725505307211683,0.02183948026454907,44
cifar10,2000,0.003,early,8,0.09449999034404755,0.05984946950640557,0.02469653844318134,0.030617220191620498,45
cifar10,2000,0.003,smart_trend,14,0.050499990582466125,0.05984946950640557,0.02469653844318134,0.030617220191620498,45
cifar10,2000,0.003,smart_meta,14,0.050499990582466125,0.05984946950640557,0.02469653844318134,0.030617220191620498,45
cifar10,2000,0.003,param,11,0.050499990582466125,0.05984946950640557,0.02469653844318134,0.030617220191620498,45
cifar10,800,0.005,early,28,0.005899995565414429,0.14304720835063134,0.03991314882588059,0.029376543609204053,46
cifar10,800,0.005,smart_trend,12,0.02120000123977661,0.14304720835063134,0.03991314882588059,0.029376543609204053,46
cifar10,800,0.005,smart_meta,11,0.029899999499320984,0.14304720835063134,0.03991314882588059,0.029376543609204053,46
cifar10,800,0.005,param,11,0.029899999499320984,0.14304720835063134,0.03991314882588059,0.029376543609204053,46
cifar10,6000,0.001,early,21,0.021699994802474976,0.04227728929462338,0.02023031660900896,0.048398061882405585,47
cifar10,6000,0.001,smart_trend,11,0.05050000548362732,0.04227728929462338,0.02023031660900896,0.048398061882405585,47
cifar10,6000,0.001,smart_meta,12,0.05050000548362732,0.04227728929462338,0.02023031660900896,0.048398061882405585,47
cifar10,6000,0.001,param,11,0.05050000548362732,0.04227728929462338,0.02023031660900896,0.048398061882405585,47
cifar10,6000,0.0003,early,23,0.027799993753433228,0.07126728369478408,0.025056442289368146,0.05038879717745304,48
cifar10,6000,0.0003,smart_trend,15,0.042699992656707764,0.07126728369478408,0.025056442289368146,0.05038879717745304,48
cifar10,6000,0.0003,smart_meta,14,0.042699992656707764,0.07126728369478408,0.025056442289368146,0.05038879717745304,48
cifar10,6000,0.0003,param,11,0.05579999089241028,0.07126728369478408,0.025056442289368146,0.05038879717745304,48
cifar10,2000,0.0003,early,40,0.0015000104904174805,0.04266637287218744,0.01592403594867084,0.07583270632230754,49
cifar10,2000,0.0003,smart_trend,14,0.0656999945640564,0.04266637287218744,0.01592403594867084,0.07583270632230754,49
cifar10,2000,0.0003,smart_meta,13,0.05020001530647278,0.04266637287218744,0.01592403594867084,0.07583270632230754,49
cifar10,2000,0.0003,param,11,0.07260000705718994,0.04266637287218744,0.01592403594867084,0.07583270632230754,49
cifar10,2000,0.005,early,11,0.0,0.00033382833321560224,0.0001723847453686601,0.00030257061227478843,50
cifar10,2000,0.005,smart_trend,11,0.0,0.00033382833321560224,0.0001723847453686601,0.00030257061227478843,50
cifar10,2000,0.005,smart_meta,11,0.0,0.00033382833321560224,0.0001723847453686601,0.00030257061227478843,50
cifar10,2000,0.005,param,11,0.0,0.00033382833321560224,0.0001723847453686601,0.00030257061227478843,50
cifar10,800,0.001,early,19,0.016799986362457275,0.1525955348836825,0.04256365856008443,0.032808365090743696,51
cifar10,800,0.001,smart_trend,11,0.05880001187324524,0.1525955348836825,0.04256365856008443,0.032808365090743696,51
cifar10,800,0.001,smart_meta,11,0.05880001187324524,0.1525955348836825,0.04256365856008443,0.032808365090743696,51
cifar10,800,0.001,param,11,0.05880001187324524,0.1525955348836825,0.04256365856008443,0.032808365090743696,51
cifar10,2000,0.0005,early,95,0.006300002336502075,0.017621603449502588,0.0049022670116457626,0.07834790424985094,52
cifar10,2000,0.0005,smart_trend,11,0.04330000281333923,0.017621603449502588,0.0049022670116457626,0.07834790424985094,52
cifar10,2000,0.0005,smart_meta,11,0.04330000281333923,0.017621603449502588,0.0049022670116457626,0.07834790424985094,52
cifar10,2000,0.0005,param,11,0.04330000281333923,0.017621603449502588,0.0049022670116457626,0.07834790424985094,52
cifar10,6000,0.0005,early,39,0.006399989128112793,0.03106255969879046,0.010991660127402086,0.05292748531495617,53
cifar10,6000,0.0005,smart_trend,11,0.03749999403953552,0.03106255969879046,0.010991660127402086,0.05292748531495617,53
cifar10,6000,0.0005,smart_meta,13,0.027500003576278687,0.03106255969879046,0.010991660127402086,0.05292748531495617,53
cifar10,6000,0.0005,param,11,0.03749999403953552,0.03106255969879046,0.010991660127402086,0.05292748531495617,53
cifar10,6000,0.003,early,16,0.01660001277923584,0.06345409952118408,0.03120977640211518,0.025435988718160996,54
cifar10,6000,0.003,smart_trend,11,0.01660001277923584,0.06345409952118408,0.03120977640211518,0.025435988718160996,54
cifar10,6000,0.003,smart_meta,11,0.01660001277923584,0.06345409952118408,0.03120977640211518,0.025435988718160996,54
cifar10,6000,0.003,param,11,0.01660001277923584,0.06345409952118408,0.03120977640211518,0.025435988718160996,54
cifar10,2000,0.005,early,13,0.014599993824958801,0.21578145597280474,0.05537213440807831,0.03250100532725786,55
cifar10,2000,0.005,smart_trend,11,0.014599993824958801,0.21578145597280474,0.05537213440807831,0.03250100532725786,55
cifar10,2000,0.005,smart_meta,11,0.014599993824958801,0.21578145597280474,0.05537213440807831,0.03250100532725786,55
cifar10,2000,0.005,param,11,0.014599993824958801,0.21578145597280474,0.05537213440807831,0.03250100532725786,55
cifar10,300,0.0003,early,49,0.019300013780593872,0.04584112453911415,0.016035959886463336,0.08648134695098497,56
cifar10,300,0.0003,smart_trend,11,0.10690000653266907,0.04584112453911415,0.016035959886463336,0.08648134695098497,56
cifar10,300,0.0003,smart_meta,14,0.08230000734329224,0.04584112453911415,0.016035959886463336,0.08648134695098497,56
cifar10,300,0.0003,param,11,0.10690000653266907,0.04584112453911415,0.016035959886463336,0.08648134695098497,56
cifar10,6000,0.0005,early,31,0.0,0.0675703999824705,0.02116940737291406,0.049320284141041726,57
cifar10,6000,0.0005,smart_trend,16,0.015400022268295288,0.0675703999824705,0.02116940737291406,0.049320284141041726,57
cifar10,6000,0.0005,smart_meta,11,0.04030001163482666,0.0675703999824705,0.02116940737291406,0.049320284141041726,57
cifar10,6000,0.0005,param,11,0.04030001163482666,0.0675703999824705,0.02116940737291406,0.049320284141041726,57
cifar10,300,0.005,early,15,0.013799995183944702,0.8340214282826932,0.11661215323041635,0.0,58
cifar10,300,0.005,smart_trend,12,0.013799995183944702,0.8340214282826932,0.11661215323041635,0.0,58
cifar10,300,0.005,smart_meta,11,0.013799995183944702,0.8340214282826932,0.11661215323041635,0.0,58
cifar10,300,0.005,param,11,0.013799995183944702,0.8340214282826932,0.11661215323041635,0.0,58
cifar10,300,0.001,early,58,0.008200004696846008,0.023462172007894688,0.011587144254295693,0.03188228846469732,59
cifar10,300,0.001,smart_trend,11,0.042799994349479675,0.023462172007894688,0.011587144254295693,0.03188228846469732,59
cifar10,300,0.001,smart_meta,11,0.042799994349479675,0.023462172007894688,0.011587144254295693,0.03188228846469732,59
cifar10,300,0.001,param,11,0.042799994349479675,0.023462172007894688,0.011587144254295693,0.03188228846469732,59
cifar10,2000,0.0003,early,50,0.013400018215179443,0.011355759734454574,0.0050237928879719755,0.09606968127657334,60
cifar10,2000,0.0003,smart_trend,16,0.035800009965896606,0.011355759734454574,0.0050237928879719755,0.09606968127657334,60
cifar10,2000,0.0003,smart_meta,18,0.041400015354156494,0.011355759734454574,0.0050237928879719755,0.09606968127657334,60
cifar10,2000,0.0003,param,11,0.05610001087188721,0.011355759734454574,0.0050237928879719755,0.09606968127657334,60
cifar10,300,0.001,early,19,0.007700011134147644,0.13512381303200516,0.04326151047297197,0.005928840784156675,61
cifar10,300,0.001,smart_trend,13,0.022100001573562622,0.13512381303200516,0.04326151047297197,0.005928840784156675,61
cifar10,300,0.001,smart_meta,12,0.022100001573562622,0.13512381303200516,0.04326151047297197,0.005928840784156675,61
cifar10,300,0.001,param,11,0.022100001573562622,0.13512381303200516,0.04326151047297197,0.005928840784156675,61
cifar10,2000,0.0003,early,31,0.010700017213821411,0.29285441618346697,0.06659550837126661,0.05818340782753528,62
cifar10,2000,0.0003,smart_trend,12,0.06389999389648438,0.29285441618346697,0.06659550837126661,0.05818340782753528,62
cifar10,2000,0.0003,smart_meta,12,0.06389999389648438,0.29285441618346697,0.06659550837126661,0.05818340782753528,62
cifar10,2000,0.0003,param,11,0.06389999389648438,0.29285441618346697,0.06659550837126661,0.05818340782753528,62
cifar10,6000,0.005,early,10,0.025499999523162842,0.08170214990427127,0.024601538538717,0.01749761676651307,63
cifar10,6000,0.005,smart_trend,11,0.025499999523162842,0.08170214990427127,0.024601538538717,0.01749761676651307,63
cifar10,6000,0.005,smart_meta,11,0.025499999523162842,0.08170214990427127,0.024601538538717,0.01749761676651307,63
cifar10,6000,0.005,param,11,0.025499999523162842,0.08170214990427127,0.024601538538717,0.01749761676651307,63
cifar10,800,0.001,early,29,0.038599997758865356,0.13102660050206227,0.04188858753166628,0.03985008606618179,64
cifar10,800,0.001,smart_trend,16,0.05089998245239258,0.13102660050206227,0.04188858753166628,0.03985008606618179,64
cifar10,800,0.001,smart_meta,15,0.05979999899864197,0.13102660050206227,0.04188858753166628,0.03985008606618179,64
cifar10,800,0.001,param,11,0.06009998917579651,0.13102660050206227,0.04188858753166628,0.03985008606618179,64
cifar10,300,0.0005,early,16,0.024800002574920654,0.03567303462359994,0.014818220668289311,0.0511215171222168,65
cifar10,300,0.0005,smart_trend,11,0.024800002574920654,0.03567303462359994,0.014818220668289311,0.0511215171222168,65
cifar10,300,0.0005,smart_meta,11,0.024800002574920654,0.03567303462359994,0.014818220668289311,0.0511215171222168,65
cifar10,300,0.0005,param,11,0.024800002574920654,0.03567303462359994,0.014818220668289311,0.0511215171222168,65
cifar10,300,0.0003,early,49,0.012500017881393433,0.0673098953191853,0.021770091099288454,0.08323393533955603,66
cifar10,300,0.0003,smart_trend,11,0.09600001573562622,0.0673098953191853,0.021770091099288454,0.08323393533955603,66
cifar10,300,0.0003,smart_meta,18,0.08160001039505005,0.0673098953191853,0.021770091099288454,0.08323393533955603,66
cifar10,300,0.0003,param,11,0.09600001573562622,0.0673098953191853,0.021770091099288454,0.08323393533955603,66
cifar10,2000,0.003,early,14,0.02120000123977661,0.06720825723450874,0.031232921022485705,0.03339622521579577,67
cifar10,2000,0.003,smart_trend,11,0.02120000123977661,0.06720825723450874,0.031232921022485705,0.03339622521579577,67
cifar10,2000,0.003,smart_meta,11,0.02120000123977661,0.06720825723450874,0.031232921022485705,0.03339622521579577,67
cifar10,2000,0.003,param,11,0.02120000123977661,0.06720825723450874,0.031232921022485705,0.03339622521579577,67
cifar10,300,0.005,early,21,0.034900009632110596,0.3641687673512871,0.10623141934435938,0.023978722084639914,68
cifar10,300,0.005,smart_trend,13,0.06050001084804535,0.3641687673512871,0.10623141934435938,0.023978722084639914,68
cifar10,300,0.005,smart_meta,12,0.054300010204315186,0.3641687673512871,0.10623141934435938,0.023978722084639914,68
cifar10,300,0.005,param,11,0.054300010204315186,0.3641687673512871,0.10623141934435938,0.023978722084639914,68
cifar10,300,0.0005,early,22,0.0268000066280365,0.05981436709324672,0.030543080070743637,0.0283741380609962,69
cifar10,300,0.0005,smart_trend,14,0.04300001263618469,0.05981436709324672,0.030543080070743637,0.0283741380609962,69
cifar10,300,0.0005,smart_meta,15,0.04150000214576721,0.05981436709324672,0.030543080070743637,0.0283741380609962,69
cifar10,300,0.0005,param,12,0.03999999165534973,0.05981436709324672,0.030543080070743637,0.0283741380609962,69
cifar10,2000,0.003,early,20,0.03530000150203705,0.046864514979817584,0.022903150930738015,0.029115952959361757,70
cifar10,2000,0.003,smart_trend,12,0.032200008630752563,0.046864514979817584,0.022903150930738015,0.029115952959361757,70
cifar10,2000,0.003,smart_meta,11,0.032200008630752563,0.046864514979817584,0.022903150930738015,0.029115952959361757,70
cifar10,2000,0.003,param,11,0.032200008630752563,0.046864514979817584,0.022903150930738015,0.029115952959361757,70
cifar10,2000,0.005,early,22,0.005300015211105347,0.23559815366549852,0.10801449855281499,0.021662385886766056,71
cifar10,2000,0.005,smart_trend,11,0.034600019454956055,0.23559815366549852,0.10801449855281499,0.021662385886766056,71
cifar10,2000,0.005,smart_meta,12,0.023900002241134644,0.23559815366549852,0.10801449855281499,0.021662385886766056,71
cifar10,2000,0.005,param,11,0.034600019454956055,0.23559815366549852,0.10801449855281499,0.021662385886766056,71
cifar10,6000,0.005,early,24,0.007500007748603821,0.07590954093345614,0.025902623047556656,0.031044843763067043,72
cifar10,6000,0.005,smart_trend,11,0.019800007343292236,0.07590954093345614,0.025902623047556656,0.031044843763067043,72
cifar10,6000,0.005,smart_meta,11,0.019800007343292236,0.07590954093345614,0.025902623047556656,0.031044843763067043,72
cifar10,6000,0.005,param,11,0.019800007343292236,0.07590954093345614,0.025902623047556656,0.031044843763067043,72
cifar10,300,0.0003,early,57,0.0026999711990356445,0.025194427588343893,0.01019127050048513,0.09973470362671555,73
cifar10,300,0.0003,smart_trend,11,0.12049998342990875,0.025194427588343893,0.01019127050048513,0.09973470362671555,73
cifar10,300,0.0003,smart_meta,13,0.12139998376369476,0.025194427588343893,0.01019127050048513,0.09973470362671555,73
cifar10,300,0.0003,param,11,0.12049998342990875,0.025194427588343893,0.01019127050048513,0.09973470362671555,73
cifar10,800,0.003,early,25,0.0,0.0968674015984029,0.028324224287978178,0.02795880606814416,74
cifar10,800,0.003,smart_trend,11,0.03919999301433563,0.0968674015984029,0.028324224287978178,0.02795880606814416,74
cifar10,800,0.003,smart_meta,11,0.03919999301433563,0.0968674015984029,0.028324224287978178,0.02795880606814416,74
cifar10,800,0.003,param,11,0.03919999301433563,0.0968674015984029,0.028324224287978178,0.02795880606814416,74
cifar10,800,0.005,early,15,0.02959999442100525,0.45571811815397023,0.12755384801148983,0.0,75
cifar10,800,0.005,smart_trend,12,0.02959999442100525,0.45571811815397023,0.12755384801148983,0.0,75
cifar10,800,0.005,smart_meta,12,0.02959999442100525,0.45571811815397023,0.12755384801148983,0.0,75
cifar10,800,0.005,param,11,0.02959999442100525,0.45571811815397023,0.12755384801148983,0.0,75
cifar10,2000,0.0005,early,63,0.007100015878677368,0.025848267050125218,0.009388306846959115,0.09532681255008735,76
cifar10,2000,0.0005,smart_trend,11,0.0804000049829483,0.025848267050125218,0.009388306846959115,0.09532681255008735,76
cifar10,2000,0.0005,smart_meta,11,0.0804000049829483,0.025848267050125218,0.009388306846959115,0.09532681255008735,76
cifar10,2000,0.0005,param,11,0.0804000049829483,0.025848267050125218,0.009388306846959115,0.09532681255008735,76
cifar10,6000,0.005,early,21,0.008000001311302185,0.0608915191800764,0.017150808561181,0.015345426773343829,77
cifar10,6000,0.005,smart_trend,11,0.011800006031990051,0.0608915191800764,0.017150808561181,0.015345426773343829,77
cifar10,6000,0.005,smart_meta,11,0.011800006031990051,0.0608915191800764,0.017150808561181,0.015345426773343829,77
cifar10,6000,0.005,param,11,0.011800006031990051,0.0608915191800764,0.017150808561181,0.015345426773343829,77
cifar10,2000,0.0005,early,57,0.011599987745285034,0.03746288316386337,0.010077515163960566,0.06971945406492741,78
cifar10,2000,0.0005,smart_trend,16,0.06530000269412994,0.03746288316386337,0.010077515163960566,0.06971945406492741,78
cifar10,2000,0.0005,smart_meta,16,0.06530000269412994,0.03746288316386337,0.010077515163960566,0.06971945406492741,78
cifar10,2000,0.0005,param,11,0.07680000364780426,0.03746288316386337,0.010077515163960566,0.06971945406492741,78
cifar10,2000,0.001,early,35,0.0015999972820281982,0.05859690388304084,0.02280382810971905,0.04486089127047965,79
cifar10,2000,0.001,smart_trend,11,0.04349997639656067,0.05859690388304084,0.02280382810971905,0.04486089127047965,79
cifar10,2000,0.001,smart_meta,11,0.04349997639656067,0.05859690388304084,0.02280382810971905,0.04486089127047965,79
cifar10,2000,0.001,param,11,0.04349997639656067,0.05859690388304084,0.02280382810971905,0.04486089127047965,79
cifar10,2000,0.001,early,25,0.026500016450881958,0.03071325639264355,0.016728593803442843,0.05573253181981064,80
cifar10,2000,0.001,smart_trend,16,0.025499999523162842,0.03071325639264355,0.016728593803442843,0.05573253181981064,80
cifar10,2000,0.001,smart_meta,14,0.0390000194311142,0.03071325639264355,0.016728593803442843,0.05573253181981064,80
cifar10,2000,0.001,param,11,0.04900000989437103,0.03071325639264355,0.016728593803442843,0.05573253181981064,80
cifar10,300,0.0003,early,23,0.02860000729560852,0.10137324675642301,0.03918991461176771,0.061824084224087694,81
cifar10,300,0.0003,smart_trend,16,0.04770001769065857,0.10137324675642301,0.03918991461176771,0.061824084224087694,81
cifar10,300,0.0003,smart_meta,20,0.02860000729560852,0.10137324675642301,0.03918991461176771,0.061824084224087694,81
cifar10,300,0.0003,param,11,0.09170001745223999,0.10137324675642301,0.03918991461176771,0.061824084224087694,81
cifar10,300,0.005,early,16,0.017900004982948303,0.2303435640833693,0.07859727384293003,0.012234841022812248,82
cifar10,300,0.005,smart_trend,14,0.017900004982948303,0.2303435640833693,0.07859727384293003,0.012234841022812248,82
cifar10,300,0.005,smart_meta,11,0.017900004982948303,0.2303435640833693,0.07859727384293003,0.012234841022812248,82
cifar10,300,0.005,param,11,0.017900004982948303,0.2303435640833693,0.07859727384293003,0.012234841022812248,82
cifar10,800,0.001,early,32,0.025400012731552124,0.0455690483701936,0.017207825940394352,0.08352554940778578,83
cifar10,800,0.001,smart_trend,17,0.08160001039505005,0.0455690483701936,0.017207825940394352,0.08352554940778578,83
cifar10,800,0.001,smart_meta,13,0.07829999923706055,0.0455690483701936,0.017207825940394352,0.08352554940778578,83
cifar10,800,0.001,param,11,0.08290000259876251,0.0455690483701936,0.017207825940394352,0.08352554940778578,83
cifar10,2000,0.001,early,27,0.0268000066280365,0.04065538299246263,0.02199029250804569,0.038264743755777264,84
cifar10,2000,0.001,smart_trend,12,0.0421999990940094,0.04065538299246263,0.02199029250804569,0.038264743755777264,84
cifar10,2000,0.001,smart_meta,11,0.04490000009536743,0.04065538299246263,0.02199029250804569,0.038264743755777264,84
cifar10,2000,0.001,param,11,0.04490000009536743,0.04065538299246263,0.02199029250804569,0.038264743755777264,84
cifar10,2000,0.0005,early,23,0.012899994850158691,0.10622731723543155,0.04264921024154113,0.05398946803788507,85
cifar10,2000,0.0005,smart_trend,13,0.03600001335144043,0.10622731723543155,0.04264921024154113,0.05398946803788507,85
cifar10,2000,0.0005,smart_meta,11,0.03600001335144043,0.10622731723543155,0.04264921024154113,0.05398946803788507,85
cifar10,2000,0.0005,param,11,0.03600001335144043,0.10622731723543155,0.04264921024154113,0.05398946803788507,85
cifar10,800,0.0005,early,38,0.027799993753433228,0.022821108183042838,0.009035220404036435,0.0912602970622417,86
cifar10,800,0.0005,smart_trend,11,0.12049999833106995,0.022821108183042838,0.009035220404036435,0.0912602970622417,86
cifar10,800,0.0005,smart_meta,12,0.12049999833106995,0.022821108183042838,0.009035220404036435,0.0912602970622417,86
cifar10,800,0.0005,param,11,0.12049999833106995,0.022821108183042838,0.009035220404036435,0.0912602970622417,86
cifar10,300,0.001,early,36,0.011600002646446228,0.025949929630251,0.009705091968568225,0.05537464970079431,87
cifar10,300,0.001,smart_trend,11,0.06780000030994415,0.025949929630251,0.009705091968568225,0.05537464970079431,87
cifar10,300,0.001,smart_meta,11,0.06780000030994415,0.025949929630251,0.009705091968568225,0.05537464970079431,87
cifar10,300,0.001,param,11,0.06780000030994415,0.025949929630251,0.009705091968568225,0.05537464970079431,87
cifar10,800,0.005,early,15,0.040800005197525024,0.3509586224137524,0.11211419777806537,0.0,88
cifar10,800,0.005,smart_trend,12,0.040800005197525024,0.3509586224137524,0.11211419777806537,0.0,88
cifar10,800,0.005,smart_meta,11,0.040800005197525024,0.3509586224137524,0.11211419777806537,0.0,88
cifar10,800,0.005,param,11,0.040800005197525024,0.3509586224137524,0.11211419777806537,0.0,88
cifar10,800,0.0005,early,40,0.024399995803833008,0.03292164312604384,0.015521197171395915,0.08857312813996288,89
cifar10,800,0.0005,smart_trend,17,0.07339999079704285,0.03292164312604384,0.015521197171395915,0.08857312813996288,89
cifar10,800,0.0005,smart_meta,15,0.0899999737739563,0.03292164312604384,0.015521197171395915,0.08857312813996288,89
cifar10,800,0.0005,param,11,0.09759998321533203,0.03292164312604384,0.015521197171395915,0.08857312813996288,89
cifar10,2000,0.001,early,23,0.020999997854232788,0.15873991738225368,0.05116859661710439,0.030701633132454886,90
cifar10,2000,0.001,smart_trend,12,0.032799988985061646,0.15873991738225368,0.05116859661710439,0.030701633132454886,90
cifar10,2000,0.001,smart_meta,14,0.032799988985061646,0.15873991738225368,0.05116859661710439,0.030701633132454886,90
cifar10,2000,0.001,param,11,0.029300004243850708,0.15873991738225368,0.05116859661710439,0.030701633132454886,90
cifar10,800,0.0005,early,58,0.023000001907348633,0.0216441319429318,0.0070951730059205355,0.07472122802450165,91
cifar10,800,0.0005,smart_trend,11,0.09129999577999115,0.0216441319429318,0.0070951730059205355,0.07472122802450165,91
cifar10,800,0.0005,smart_meta,11,0.09129999577999115,0.0216441319429318,0.0070951730059205355,0.07472122802450165,91
cifar10,800,0.0005,param,11,0.09129999577999115,0.0216441319429318,0.0070951730059205355,0.07472122802450165,91
cifar10,2000,0.0005,early,23,0.041999995708465576,0.02890751299116301,0.014493322045414444,0.07375613165224826,92
cifar10,2000,0.0005,smart_trend,12,0.06059998273849487,0.02890751299116301,0.014493322045414444,0.07375613165224826,92
cifar10,2000,0.0005,smart_meta,11,0.06859996914863586,0.02890751299116301,0.014493322045414444,0.07375613165224826,92
cifar10,2000,0.0005,param,11,0.06859996914863586,0.02890751299116301,0.014493322045414444,0.07375613165224826,92
cifar10,6000,0.005,early,11,0.01680000126361847,0.05470169804367142,0.015203484815078255,0.02931705777353022,93
cifar10,6000,0.005,smart_trend,11,0.01680000126361847,0.05470169804367142,0.015203484815078255,0.02931705777353022,93
cifar10,6000,0.005,smart_meta,11,0.01680000126361847,0.05470169804367142,0.015203484815078255,0.02931705777353022,93
cifar10,6000,0.005,param,11,0.01680000126361847,0.05470169804367142,0.015203484815078255,0.02931705777353022,93
cifar10,300,0.005,early,22,0.041099995374679565,0.2409276756914206,0.06094681917418051,0.030887123461965316,94
cifar10,300,0.005,smart_trend,16,0.049300000071525574,0.2409276756914206,0.06094681917418051,0.030887123461965316,94
cifar10,300,0.005,smart_meta,16,0.049300000071525574,0.2409276756914206,0.06094681917418051,0.030887123461965316,94
cifar10,300,0.005,param,11,0.05609999597072601,0.2409276756914206,0.06094681917418051,0.030887123461965316,94
cifar10,800,0.005,early,34,0.00769999623298645,0.1643889510445946,0.031050696884654134,0.08786245563160333,95
cifar10,800,0.005,smart_trend,11,0.07019999623298645,0.1643889510445946,0.031050696884654134,0.08786245563160333,95
cifar10,800,0.005,smart_meta,15,0.04719999432563782,0.1643889510445946,0.031050696884654134,0.08786245563160333,95
cifar10,800,0.005,param,11,0.07019999623298645,0.1643889510445946,0.031050696884654134,0.08786245563160333,95
cifar10,300,0.003,early,21,0.04479999840259552,0.20993719477982542,0.09065650909735204,0.02891176521183514,96
cifar10,300,0.003,smart_trend,11,0.06689999997615814,0.20993719477982542,0.09065650909735204,0.02891176521183514,96
cifar10,300,0.003,smart_meta,13,0.061900004744529724,0.20993719477982542,0.09065650909735204,0.02891176521183514,96
cifar10,300,0.003,param,11,0.06689999997615814,0.20993719477982542,0.09065650909735204,0.02891176521183514,96
cifar10,300,0.0003,early,80,0.019199997186660767,0.012381355330368549,0.004350133357436476,0.13137003057850705,97
cifar10,300,0.0003,smart_trend,11,0.1436000019311905,0.012381355330368549,0.004350133357436476,0.13137003057850705,97
cifar10,300,0.0003,smart_meta,11,0.1436000019311905,0.012381355330368549,0.004350133357436476,0.13137003057850705,97
cifar10,300,0.0003,param,11,0.1436000019311905,0.012381355330368549,0.004350133357436476,0.13137003057850705,97
cifar10,2000,0.001,early,44,0.0,2.7650421906222356e-05,1.694639180067872e-05,0.0008292031375387587,98
cifar10,2000,0.001,smart_trend,11,0.0,2.7650421906222356e-05,1.694639180067872e-05,0.0008292031375387587,98
cifar10,2000,0.001,smart_meta,11,0.0,2.7650421906222356e-05,1.694639180067872e-05,0.0008292031375387587,98
cifar10,2000,0.001,param,11,0.0,2.7650421906222356e-05,1.694639180067872e-05,0.0008292031375387587,98
cifar10,800,0.0005,early,46,0.0,0.094039914845222,0.03268751783270057,0.0844306543879938,99
cifar10,800,0.0005,smart_trend,21,0.04409998655319214,0.094039914845222,0.03268751783270057,0.0844306543879938,99
cifar10,800,0.0005,smart_meta,20,0.04409998655319214,0.094039914845222,0.03268751783270057,0.0844306543879938,99
cifar10,800,0.0005,param,11,0.060200005769729614,0.094039914845222,0.03268751783270057,0.0844306543879938,99
california,6000,0.0003,early,38,0.03422972251613321,0.06563373523519406,0.043071345975653944,0.14817576442637526,100
california,6000,0.0003,smart_trend,23,0.05066623294918349,0.06563373523519406,0.043071345975653944,0.14817576442637526,100
california,6000,0.0003,smart_meta,23,0.05066623294918349,0.06563373523519406,0.043071345975653944,0.14817576442637526,100
california,6000,0.0003,param,11,0.09491394759167637,0.06563373523519406,0.043071345975653944,0.14817576442637526,100
california,2000,0.003,early,7,0.3638003660384912,0.27062700527172256,0.022799311650656684,1.241683882163191,101
california,2000,0.003,smart_trend,11,0.3638003660384912,0.27062700527172256,0.022799311650656684,1.241683882163191,101
california,2000,0.003,smart_meta,11,0.3638003660384912,0.27062700527172256,0.022799311650656684,1.241683882163191,101
california,2000,0.003,param,11,0.3638003660384912,0.27062700527172256,0.022799311650656684,1.241683882163191,101
california,2000,0.0003,early,140,0.0,0.010595537972401925,0.004285132852219871,0.191446932788493,102
california,2000,0.0003,smart_trend,28,0.0787316623294918,0.010595537972401925,0.004285132852219871,0.191446932788493,102
california,2000,0.0003,smart_meta,25,0.08545285347974874,0.010595537972401925,0.004285132852219871,0.191446932788493,102
california,2000,0.0003,param,11,0.13428624877272255,0.010595537972401925,0.004285132852219871,0.191446932788493,102
california,2000,0.0003,early,7,0.0,0.9246310619371134,0.3336762202286008,0.0,103
california,2000,0.0003,smart_trend,11,0.0,0.9246310619371134,0.3336762202286008,0.0,103
california,2000,0.0003,smart_meta,11,0.0,0.9246310619371134,0.3336762202286008,0.0,103
california,2000,0.0003,param,11,0.0,0.9246310619371134,0.3336762202286008,0.0,103
california,6000,0.001,early,28,0.01962533482036466,0.2051232887265967,0.026227141386470497,0.12866564751212534,104
california,6000,0.001,smart_trend,19,0.02889740436767807,0.2051232887265967,0.026227141386470497,0.12866564751212534,104
california,6000,0.001,smart_meta,25,0.01962533482036466,0.2051232887265967,0.026227141386470497,0.12866564751212534,104
california,6000,0.001,param,20,0.0225263090165575,0.2051232887265967,0.026227141386470497,0.12866564751212534,104
california,6000,0.005,early,18,0.020015918861467696,1.720093811675668,0.11855918554642907,0.04298980523039192,105
california,6000,0.005,smart_trend,16,0.020015918861467696,1.720093811675668,0.11855918554642907,0.04298980523039192,105
california,6000,0.005,smart_meta,17,0.020015918861467696,1.720093811675668,0.11855918554642907,0.04298980523039192,105
california,6000,0.005,param,11,0.031032176117894883,1.720093811675668,0.11855918554642907,0.04298980523039192,105
california,6000,0.0003,early,129,0.0026266598034448974,0.009552036937838237,0.0034473403847489425,0.18327842979816694,106
california,6000,0.0003,smart_trend,29,0.07089431591790818,0.009552036937838237,0.0034473403847489425,0.18327842979816694,106
california,6000,0.0003,smart_meta,20,0.09229820221720186,0.009552036937838237,0.0034473403847489425,0.18327842979816694,106
california,6000,0.0003,param,11,0.12108343580504632,0.009552036937838237,0.0034473403847489425,0.18327842979816694,106
california,6000,0.0005,early,33,0.023283360500252703,0.10506414679434328,0.03150356236031616,0.18569420603265951,107
california,6000,0.0005,smart_trend,20,0.0415269715080977,0.10506414679434328,0.03150356236031616,0.18569420603265951,107
california,6000,0.0005,smart_meta,11,0.07950141553947787,0.10506414679434328,0.03150356236031616,0.18569420603265951,107
california,6000,0.0005,param,11,0.07950141553947787,0.10506414679434328,0.03150356236031616,0.18569420603265951,107
california,800,0.005,early,29,0.04169971975178011,0.05452331348642381,0.023892652284478257,0.29873703831628373,108
california,800,0.005,smart_trend,27,0.04169971975178011,0.05452331348642381,0.023892652284478257,0.29873703831628373,108
california,800,0.005,smart_meta,11,0.1548369746537408,0.05452331348642381,0.023892652284478257,0.29873703831628373,108
california,800,0.005,param,11,0.1548369746537408,0.05452331348642381,0.023892652284478257,0.29873703831628373,108
california,800,0.001,early,115,0.011683991535359817,0.004718571264646698,0.003391448918144162,0.20150907866652173,109
california,800,0.001,smart_trend,29,0.0969813501482264,0.004718571264646698,0.003391448918144162,0.20150907866652173,109
california,800,0.001,smart_meta,28,0.0980828019102633,0.004718571264646698,0.003391448918144162,0.20150907866652173,109
california,800,0.001,param,13,0.15486204447748952,0.004718571264646698,0.003391448918144162,0.20150907866652173,109
california,800,0.005,early,48,0.029036479929842596,0.01000943987748959,0.004455247800530386,0.1393342375723582,110
california,800,0.005,smart_trend,19,0.08171733058804453,0.01000943987748959,0.004455247800530386,0.1393342375723582,110
california,800,0.005,smart_meta,18,0.08171733058804453,0.01000943987748959,0.004455247800530386,0.1393342375723582,110
california,800,0.005,param,11,0.10875313372796858,0.01000943987748959,0.004455247800530386,0.1393342375723582,110
california,300,0.005,early,32,0.03248131678534327,0.07878257086692886,0.03319082894896224,0.16438484194828012,111
california,300,0.005,smart_trend,18,0.07159257723507495,0.07878257086692886,0.03319082894896224,0.16438484194828012,111
california,300,0.005,smart_meta,18,0.07159257723507495,0.07878257086692886,0.03319082894896224,0.16438484194828012,111
california,300,0.005,param,22,0.04572473714814085,0.07878257086692886,0.03319082894896224,0.16438484194828012,111
california,800,0.001,early,26,0.11064499985701626,0.007854254213312983,0.004136991808337618,0.19871798847888167,112
california,800,0.001,smart_trend,20,0.11107285500490915,0.007854254213312983,0.004136991808337618,0.19871798847888167,112
california,800,0.001,smart_meta,18,0.1196321027195516,0.007854254213312983,0.004136991808337618,0.19871798847888167,112
california,800,0.001,param,22,0.11064499985701626,0.007854254213312983,0.004136991808337618,0.19871798847888167,112
california,800,0.0003,early,57,0.03821982803816715,0.03217979034478369,0.005369243431095426,0.16573159783756014,113
california,800,0.0003,smart_trend,30,0.06731538410210958,0.03217979034478369,0.005369243431095426,0.16573159783756014,113
california,800,0.0003,smart_meta,30,0.06731538410210958,0.03217979034478369,0.005369243431095426,0.16573159783756014,113
california,800,0.0003,param,11,0.1388548428608195,0.03217979034478369,0.005369243431095426,0.16573159783756014,113
california,2000,0.0003,early,140,0.0,0.0,0.00048797278323662853,0.4023511524675175,114
california,2000,0.0003,smart_trend,43,0.11358693890779459,0.0,0.00048797278323662853,0.4023511524675175,114
california,2000,0.0003,smart_meta,65,0.07487426959116172,0.0,0.00048797278323662853,0.4023511524675175,114
california,2000,0.0003,param,40,0.11968214704452518,0.0,0.00048797278323662853,0.4023511524675175,114
california,300,0.005,early,6,0.0,0.5262230849502196,0.3061534069291256,1.7854392325301034,115
california,300,0.005,smart_trend,11,0.0,0.5262230849502196,0.3061534069291256,1.7854392325301034,115
california,300,0.005,smart_meta,11,0.0,0.5262230849502196,0.3061534069291256,1.7854392325301034,115
california,300,0.005,param,11,0.0,0.5262230849502196,0.3061534069291256,1.7854392325301034,115
california,2000,0.0003,early,7,0.22086981802930206,0.5533539541580828,0.10687481470544868,2.378248300587013,116
california,2000,0.0003,smart_trend,11,0.22086981802930206,0.5533539541580828,0.10687481470544868,2.378248300587013,116
california,2000,0.0003,smart_meta,11,0.22086981802930206,0.5533539541580828,0.10687481470544868,2.378248300587013,116
california,2000,0.0003,param,11,0.22086981802930206,0.5533539541580828,0.10687481470544868,2.378248300587013,116
california,6000,0.003,early,32,0.016125735174964406,0.02530979933533639,0.012573315593208833,0.12419730775378846,117
california,6000,0.003,smart_trend,20,0.031068660813863613,0.02530979933533639,0.012573315593208833,0.12419730775378846,117
california,6000,0.003,smart_meta,19,0.031068660813863613,0.02530979933533639,0.012573315593208833,0.12419730775378846,117
california,6000,0.003,param,24,0.01878761665093842,0.02530979933533639,0.012573315593208833,0.12419730775378846,117
california,800,0.001,early,7,0.053381328224046065,0.4692963332745712,0.1365885781244374,1.2565762968228693,118
california,800,0.001,smart_trend,11,0.053381328224046065,0.4692963332745712,0.1365885781244374,1.2565762968228693,118
california,800,0.001,smart_meta,14,0.053381328224046065,0.4692963332745712,0.1365885781244374,1.2565762968228693,118
california,800,0.001,param,11,0.053381328224046065,0.4692963332745712,0.1365885781244374,1.2565762968228693,118
california,800,0.005,early,6,0.4511881952586576,1.801921618921427,0.3097455486745107,5.070724269683923,119
california,800,0.005,smart_trend,11,0.4511881952586576,1.801921618921427,0.3097455486745107,5.070724269683923,119
california,800,0.005,smart_meta,19,0.4511881952586576,1.801921618921427,0.3097455486745107,5.070724269683923,119
california,800,0.005,param,11,0.4511881952586576,1.801921618921427,0.3097455486745107,5.070724269683923,119
california,6000,0.0005,early,6,0.2232817638479796,0.18409122111810317,0.020092018410525117,0.594315304633634,120
california,6000,0.0005,smart_trend,32,0.05344281125187078,0.18409122111810317,0.020092018410525117,0.594315304633634,120
california,6000,0.0005,smart_meta,11,0.2232817638479796,0.18409122111810317,0.020092018410525117,0.594315304633634,120
california,6000,0.0005,param,11,0.2232817638479796,0.18409122111810317,0.020092018410525117,0.594315304633634,120
california,300,0.005,early,14,0.0,0.17120713351952332,0.04804535660927963,0.0,121
california,300,0.005,smart_trend,12,0.0,0.17120713351952332,0.04804535660927963,0.0,121
california,300,0.005,smart_meta,12,0.0,0.17120713351952332,0.04804535660927963,0.0,121
california,300,0.005,param,12,0.0,0.17120713351952332,0.04804535660927963,0.0,121
california,2000,0.005,early,6,0.5545077068260458,3.6924982524214864,0.50812467927063,0.2592010073248258,122
california,2000,0.005,smart_trend,17,0.006607161581209997,3.6924982524214864,0.50812467927063,0.2592010073248258,122
california,2000,0.005,smart_meta,41,0.0,3.6924982524214864,0.50812467927063,0.2592010073248258,122
california,2000,0.005,param,11,0.027738353970659713,3.6924982524214864,0.50812467927063,0.2592010073248258,122
california,6000,0.0005,early,88,0.007802768166089935,0.00265984405321823,0.0017958004454803683,0.12787637855053663,123
california,6000,0.0005,smart_trend,32,0.06071205925248069,0.00265984405321823,0.0017958004454803683,0.12787637855053663,123
california,6000,0.0005,smart_meta,37,0.05058561392471428,0.00265984405321823,0.0017958004454803683,0.12787637855053663,123
california,6000,0.0005,param,14,0.10843637698151698,0.00265984405321823,0.0017958004454803683,0.12787637855053663,123
california,800,0.003,early,7,0.0,1.2300821524801306,0.5391374570952294,1.9395253599405247,124
california,800,0.003,smart_trend,11,0.0,1.2300821524801306,0.5391374570952294,1.9395253599405247,124
california,800,0.003,smart_meta,18,0.0,1.2300821524801306,0.5391374570952294,1.9395253599405247,124
california,800,0.003,param,11,0.0,1.2300821524801306,0.5391374570952294,1.9395253599405247,124
california,300,0.001,early,15,0.0,0.3595494388271081,0.15044378679791456,0.0,125
california,300,0.001,smart_trend,14,0.0,0.3595494388271081,0.15044378679791456,0.0,125
california,300,0.001,smart_meta,14,0.0,0.3595494388271081,0.15044378679791456,0.0,125
california,300,0.001,param,11,0.0,0.3595494388271081,0.15044378679791456,0.0,125
california,300,0.001,early,140,0.0,0.0,0.00038047059224325096,0.4490227827021971,126
california,300,0.001,smart_trend,55,0.10401493703947295,0.0,0.00038047059224325096,0.4490227827021971,126
california,300,0.001,smart_meta,76,0.06161619339033608,0.0,0.00038047059224325096,0.4490227827021971,126
california,300,0.001,param,32,0.2136288808182485,0.0,0.00038047059224325096,0.4490227827021971,126
california,800,0.0003,early,10,0.0,0.16928166512684462,0.08497302336193126,0.0,127
california,800,0.0003,smart_trend,11,0.0,0.16928166512684462,0.08497302336193126,0.0,127
california,800,0.0003,smart_meta,11,0.0,0.16928166512684462,0.08497302336193126,0.0,127
california,800,0.0003,param,11,0.0,0.16928166512684462,0.08497302336193126,0.0,127
california,300,0.001,early,14,0.0,0.058436843888884704,0.02369430486234136,0.0,128
california,300,0.001,smart_trend,13,0.0,0.058436843888884704,0.02369430486234136,0.0,128
california,300,0.001,smart_meta,13,0.0,0.058436843888884704,0.02369430486234136,0.0,128
california,300,0.001,param,13,0.0,0.058436843888884704,0.02369430486234136,0.0,128
california,300,0.0003,early,76,0.008132059824415894,0.0011916358811001615,0.0005223212627714931,0.34369224445783786,129
california,300,0.0003,smart_trend,41,0.036665284490072114,0.0011916358811001615,0.0005223212627714931,0.34369224445783786,129
california,300,0.0003,smart_meta,52,0.02310436863126386,0.0011916358811001615,0.0005223212627714931,0.34369224445783786,129
california,300,0.0003,param,50,0.02386284995281529,0.0011916358811001615,0.0005223212627714931,0.34369224445783786,129
california,6000,0.0003,early,110,0.0025853136587644654,0.0009227884867156755,0.0016656257236400498,0.21957247146356823,130
california,6000,0.0003,smart_trend,57,0.03745975006434277,0.0009227884867156755,0.0016656257236400498,0.21957247146356823,130
california,6000,0.0003,smart_meta,55,0.04208117666123323,0.0009227884867156755,0.0016656257236400498,0.21957247146356823,130
california,6000,0.0003,param,20,0.15318930099993322,0.0009227884867156755,0.0016656257236400498,0.21957247146356823,130
california,800,0.001,early,8,0.0,0.4348858568010425,0.22261552058460204,0.0,131
california,800,0.001,smart_trend,11,0.0,0.4348858568010425,0.22261552058460204,0.0,131
california,800,0.001,smart_meta,11,0.0,0.4348858568010425,0.22261552058460204,0.0,131
california,800,0.001,param,11,0.0,0.4348858568010425,0.22261552058460204,0.0,131
california,300,0.001,early,48,0.0,0.061392704969397194,0.0018378549950492657,0.28771350991268607,132
california,300,0.001,smart_trend,41,0.0012456270792224888,0.061392704969397194,0.0018378549950492657,0.28771350991268607,132
california,300,0.001,smart_meta,43,0.0,0.061392704969397194,0.0018378549950492657,0.28771350991268607,132
california,300,0.001,param,52,0.0,0.061392704969397194,0.0018378549950492657,0.28771350991268607,132
california,6000,0.003,early,20,0.03567516943578608,0.046193198513282296,0.027407932703858093,0.15191274405561994,133
california,6000,0.003,smart_trend,17,0.03567516943578608,0.046193198513282296,0.027407932703858093,0.15191274405561994,133
california,6000,0.003,smart_meta,15,0.03567516943578608,0.046193198513282296,0.027407932703858093,0.15191274405561994,133
california,6000,0.003,param,11,0.0492882505457215,0.046193198513282296,0.027407932703858093,0.15191274405561994,133
california,300,0.001,early,19,0.0,0.0505965532061724,0.014811515069055424,0.018360979674463818,134
california,300,0.001,smart_trend,16,0.0,0.0505965532061724,0.014811515069055424,0.018360979674463818,134
california,300,0.001,smart_meta,17,0.0,0.0505965532061724,0.014811515069055424,0.018360979674463818,134
california,300,0.001,param,18,0.0,0.0505965532061724,0.014811515069055424,0.018360979674463818,134
california,800,0.001,early,11,0.14136239717082744,0.2091263935207064,0.08151165008424756,0.37034558793775085,135
california,800,0.001,smart_trend,11,0.14136239717082744,0.2091263935207064,0.08151165008424756,0.37034558793775085,135
california,800,0.001,smart_meta,11,0.14136239717082744,0.2091263935207064,0.08151165008424756,0.37034558793775085,135
california,800,0.001,param,11,0.14136239717082744,0.2091263935207064,0.08151165008424756,0.37034558793775085,135
california,800,0.0005,early,11,0.0,0.4163804628044532,0.2229562518462239,0.0,136
california,800,0.0005,smart_trend,11,0.0,0.4163804628044532,0.2229562518462239,0.0,136
california,800,0.0005,smart_meta,11,0.0,0.4163804628044532,0.2229562518462239,0.0,136
california,800,0.0005,param,11,0.0,0.4163804628044532,0.2229562518462239,0.0,136
california,6000,0.005,early,26,0.014812595918289428,0.10461874717000264,0.034338182649786636,0.09345526738043264,137
california,6000,0.005,smart_trend,16,0.02144280171961832,0.10461874717000264,0.034338182649786636,0.09345526738043264,137
california,6000,0.005,smart_meta,15,0.02474920643998968,0.10461874717000264,0.034338182649786636,0.09345526738043264,137
california,6000,0.005,param,11,0.031440609301571776,0.10461874717000264,0.034338182649786636,0.09345526738043264,137
california,300,0.001,early,8,0.0,0.3540949321467035,0.19726489735614083,0.0,138
california,300,0.001,smart_trend,11,0.0,0.3540949321467035,0.19726489735614083,0.0,138
california,300,0.001,smart_meta,11,0.0,0.3540949321467035,0.19726489735614083,0.0,138
california,300,0.001,param,11,0.0,0.3540949321467035,0.19726489735614083,0.0,138
california,300,0.005,early,8,0.0,2.4786686168241987,1.0041795579903001,0.0,139
california,300,0.005,smart_trend,11,0.0,2.4786686168241987,1.0041795579903001,0.0,139
california,300,0.005,smart_meta,11,0.0,2.4786686168241987,1.0041795579903001,0.0,139
california,300,0.005,param,11,0.0,2.4786686168241987,1.0041795579903001,0.0,139
california,800,0.0003,early,36,0.0,0.0683129469744963,0.012445475256393373,0.16415974127102045,140
california,800,0.0003,smart_trend,32,0.0,0.0683129469744963,0.012445475256393373,0.16415974127102045,140
california,800,0.0003,smart_meta,33,0.0,0.0683129469744963,0.012445475256393373,0.16415974127102045,140
california,800,0.0003,param,22,0.03398357592915624,0.0683129469744963,0.012445475256393373,0.16415974127102045,140
california,800,0.001,early,49,0.05749206439989696,0.05147541433111169,0.012949538561867337,0.2616729652269236,141
california,800,0.001,smart_trend,13,0.1383606432363903,0.05147541433111169,0.012949538561867337,0.2616729652269236,141
california,800,0.001,smart_meta,11,0.1383606432363903,0.05147541433111169,0.012949538561867337,0.2616729652269236,141
california,800,0.001,param,11,0.1383606432363903,0.05147541433111169,0.012949538561867337,0.2616729652269236,141
california,800,0.0003,early,7,0.22260966856358488,0.2400114458356284,0.07502138556543139,0.7920226794238918,142
california,800,0.0003,smart_trend,11,0.22260966856358488,0.2400114458356284,0.07502138556543139,0.7920226794238918,142
california,800,0.0003,smart_meta,11,0.22260966856358488,0.2400114458356284,0.07502138556543139,0.7920226794238918,142
california,800,0.0003,param,11,0.22260966856358488,0.2400114458356284,0.07502138556543139,0.7920226794238918,142
california,300,0.0005,early,12,0.0,0.5932214924110859,0.13210318063273185,0.0,143
california,300,0.0005,smart_trend,11,0.0,0.5932214924110859,0.13210318063273185,0.0,143
california,300,0.0005,smart_meta,11,0.0,0.5932214924110859,0.13210318063273185,0.0,143
california,300,0.0005,param,11,0.0,0.5932214924110859,0.13210318063273185,0.0,143
california,800,0.003,early,6,0.24426532547875734,0.6768678136713047,0.1894238323421258,2.003171805073647,144
california,800,0.003,smart_trend,11,0.24426532547875734,0.6768678136713047,0.1894238323421258,2.003171805073647,144
california,800,0.003,smart_meta,15,0.24426532547875734,0.6768678136713047,0.1894238323421258,2.003171805073647,144
california,800,0.003,param,11,0.24426532547875734,0.6768678136713047,0.1894238323421258,2.003171805073647,144
california,800,0.0005,early,15,0.0,0.2383933231095119,0.07436790536765477,0.0,145
california,800,0.0005,smart_trend,12,0.0,0.2383933231095119,0.07436790536765477,0.0,145
california,800,0.0005,smart_meta,12,0.0,0.2383933231095119,0.07436790536765477,0.0,145
california,800,0.0005,param,12,0.0,0.2383933231095119,0.07436790536765477,0.0,145
california,2000,0.0005,early,6,0.0,0.8819928691424916,0.417071949652824,0.9071237060864841,146
california,2000,0.0005,smart_trend,11,0.0,0.8819928691424916,0.417071949652824,0.9071237060864841,146
california,2000,0.0005,smart_meta,11,0.0,0.8819928691424916,0.417071949652824,0.9071237060864841,146
california,2000,0.0005,param,11,0.0,0.8819928691424916,0.417071949652824,0.9071237060864841,146
california,6000,0.001,early,29,0.024354952481721925,0.011709731764912745,0.005336615355951079,0.10292814929722532,147
california,6000,0.001,smart_trend,22,0.029500033362883205,0.011709731764912745,0.005336615355951079,0.10292814929722532,147
california,6000,0.001,smart_meta,22,0.029500033362883205,0.011709731764912745,0.005336615355951079,0.10292814929722532,147
california,6000,0.001,param,12,0.06644961728006704,0.011709731764912745,0.005336615355951079,0.10292814929722532,147
california,2000,0.005,early,7,0.15173520356124948,0.3867735224936455,0.13505969171833523,0.4891689015658582,148
california,2000,0.005,smart_trend,26,0.012967604640300445,0.3867735224936455,0.13505969171833523,0.4891689015658582,148
california,2000,0.005,smart_meta,11,0.15173520356124948,0.3867735224936455,0.13505969171833523,0.4891689015658582,148
california,2000,0.005,param,11,0.15173520356124948,0.3867735224936455,0.13505969171833523,0.4891689015658582,148
california,6000,0.0003,early,124,0.0033450103424936817,0.0035017362341079883,0.0013564698249849746,0.2094353747085131,149
california,6000,0.0003,smart_trend,38,0.05467504551650504,0.0035017362341079883,0.0013564698249849746,0.2094353747085131,149
california,6000,0.0003,smart_meta,49,0.04038067049863203,0.0035017362341079883,0.0013564698249849746,0.2094353747085131,149
california,6000,0.0003,param,15,0.14923193876481067,0.0035017362341079883,0.0013564698249849746,0.2094353747085131,149
california,300,0.0003,early,140,0.0,0.0008893713140616932,0.000800990284547297,0.4324720579144585,150
california,300,0.0003,smart_trend,33,0.14657958954121264,0.0008893713140616932,0.000800990284547297,0.4324720579144585,150
california,300,0.0003,smart_meta,50,0.11561163697370047,0.0008893713140616932,0.000800990284547297,0.4324720579144585,150
california,300,0.0003,param,48,0.11725857187794897,0.0008893713140616932,0.000800990284547297,0.4324720579144585,150
california,800,0.0003,early,11,0.19589686579541876,0.03337563825030132,0.012995661182879708,0.2615229029457882,151
california,800,0.0003,smart_trend,11,0.19589686579541876,0.03337563825030132,0.012995661182879708,0.2615229029457882,151
california,800,0.0003,smart_meta,11,0.19589686579541876,0.03337563825030132,0.012995661182879708,0.2615229029457882,151
california,800,0.0003,param,11,0.19589686579541876,0.03337563825030132,0.012995661182879708,0.2615229029457882,151
california,800,0.001,early,23,0.0,0.025455745893310566,0.008396017574888007,0.14083974479155814,152
california,800,0.001,smart_trend,21,0.0,0.025455745893310566,0.008396017574888007,0.14083974479155814,152
california,800,0.001,smart_meta,21,0.0,0.025455745893310566,0.008396017574888007,0.14083974479155814,152
california,800,0.001,param,25,0.0,0.025455745893310566,0.008396017574888007,0.14083974479155814,152
california,2000,0.005,early,24,0.0251409820126397,0.15917217466022482,0.039001796022627024,0.1315112343374205,153
california,2000,0.005,smart_trend,11,0.03841793207316946,0.15917217466022482,0.039001796022627024,0.1315112343374205,153
california,2000,0.005,smart_meta,12,0.03841793207316946,0.15917217466022482,0.039001796022627024,0.1315112343374205,153
california,2000,0.005,param,11,0.03841793207316946,0.15917217466022482,0.039001796022627024,0.1315112343374205,153
california,2000,0.0003,early,12,0.0,0.05524407153935096,0.02635489649774514,0.0,154
california,2000,0.0003,smart_trend,11,0.0,0.05524407153935096,0.02635489649774514,0.0,154
california,2000,0.0003,smart_meta,11,0.0,0.05524407153935096,0.02635489649774514,0.0,154
california,2000,0.0003,param,11,0.0,0.05524407153935096,0.02635489649774514,0.0,154
california,6000,0.0005,early,61,0.008191112127884592,0.04154980012650722,0.017001749975741116,0.14521364928972336,155
california,6000,0.0005,smart_trend,20,0.038608815426997234,0.04154980012650722,0.017001749975741116,0.14521364928972336,155
california,6000,0.0005,smart_meta,18,0.04404408190111231,0.04154980012650722,0.017001749975741116,0.14521364928972336,155
california,6000,0.0005,param,11,0.06358589036003304,0.04154980012650722,0.017001749975741116,0.14521364928972336,155
california,6000,0.0005,early,34,0.002015308797315707,0.09686138150815149,0.04298421684155395,0.04367112339543966,156
california,6000,0.0005,smart_trend,14,0.017195611351006224,0.09686138150815149,0.04298421684155395,0.04367112339543966,156
california,6000,0.0005,smart_meta,13,0.017195611351006224,0.09686138150815149,0.04298421684155395,0.04367112339543966,156
california,6000,0.0005,param,11,0.017195611351006224,0.09686138150815149,0.04298421684155395,0.04367112339543966,156
california,6000,0.001,early,50,0.008703184725518787,0.1027712135914477,0.020369020157969757,0.13201745612794008,157
california,6000,0.001,smart_trend,20,0.03417100384149774,0.1027712135914477,0.020369020157969757,0.13201745612794008,157
california,6000,0.001,smart_meta,16,0.04439215209661895,0.1027712135914477,0.020369020157969757,0.13201745612794008,157
california,6000,0.001,param,11,0.05252454554986796,0.1027712135914477,0.020369020157969757,0.13201745612794008,157
california,800,0.001,early,20,0.0,0.13122823192898458,0.027679543879907252,0.05328128053277292,158
california,800,0.001,smart_trend,18,0.0,0.13122823192898458,0.027679543879907252,0.05328128053277292,158
california,800,0.001,smart_meta,18,0.0,0.13122823192898458,0.027679543879907252,0.05328128053277292,158
california,800,0.001,param,20,0.0,0.13122823192898458,0.027679543879907252,0.05328128053277292,158
california,6000,0.001,early,56,0.007895898271802704,0.010414145111118878,0.004352243087030734,0.11409127315286532,159
california,6000,0.001,smart_trend,30,0.02793359832994935,0.010414145111118878,0.004352243087030734,0.11409127315286532,159
california,6000,0.001,smart_meta,30,0.02793359832994935,0.010414145111118878,0.004352243087030734,0.11409127315286532,159
california,6000,0.001,param,11,0.07886575728978995,0.010414145111118878,0.004352243087030734,0.11409127315286532,159
california,2000,0.003,early,25,0.016246651796352873,0.12028395315761187,0.041946027408966344,0.07621500690451999,160
california,2000,0.003,smart_trend,15,0.030771707321723074,0.12028395315761187,0.041946027408966344,0.07621500690451999,160
california,2000,0.003,smart_meta,18,0.023034830850181542,0.12028395315761187,0.041946027408966344,0.07621500690451999,160
california,2000,0.003,param,11,0.03894099059166689,0.12028395315761187,0.041946027408966344,0.07621500690451999,160
california,2000,0.0003,early,9,0.15486035250269292,0.0831926593447424,0.031468115405902074,0.48423277907508944,161
california,2000,0.0003,smart_trend,11,0.15486035250269292,0.0831926593447424,0.031468115405902074,0.48423277907508944,161
california,2000,0.0003,smart_meta,11,0.15486035250269292,0.0831926593447424,0.031468115405902074,0.48423277907508944,161
california,2000,0.0003,param,11,0.15486035250269292,0.0831926593447424,0.031468115405902074,0.48423277907508944,161
california,800,0.0003,early,22,0.0,0.045256851419793076,0.02351906487021087,0.07797831057696802,162
california,800,0.0003,smart_trend,19,0.0,0.045256851419793076,0.02351906487021087,0.07797831057696802,162
california,800,0.0003,smart_meta,19,0.0,0.045256851419793076,0.02351906487021087,0.07797831057696802,162
california,800,0.0003,param,23,0.0,0.045256851419793076,0.02351906487021087,0.07797831057696802,162
california,2000,0.005,early,26,0.01864699209776277,0.08776323843073952,0.03452123408580541,0.11909807232447206,163
california,2000,0.005,smart_trend,19,0.021644623333047397,0.08776323843073952,0.03452123408580541,0.11909807232447206,163
california,2000,0.005,smart_meta,19,0.021644623333047397,0.08776323843073952,0.03452123408580541,0.11909807232447206,163
california,2000,0.005,param,18,0.025534854680812513,0.08776323843073952,0.03452123408580541,0.11909807232447206,163
california,6000,0.005,early,28,0.005084741723621944,0.25473852165858735,0.04257258053813366,0.09246824060740044,164
california,6000,0.005,smart_trend,11,0.04105939069842812,0.25473852165858735,0.04257258053813366,0.09246824060740044,164
california,6000,0.005,smart_meta,16,0.02372062874736669,0.25473852165858735,0.04257258053813366,0.09246824060740044,164
california,6000,0.005,param,11,0.04105939069842812,0.25473852165858735,0.04257258053813366,0.09246824060740044,164
california,300,0.0005,early,13,0.0,0.3304806855919864,0.12303715298662625,0.0,165
california,300,0.0005,smart_trend,12,0.0,0.3304806855919864,0.12303715298662625,0.0,165
california,300,0.0005,smart_meta,12,0.0,0.3304806855919864,0.12303715298662625,0.0,165
california,300,0.0005,param,12,0.0,0.3304806855919864,0.12303715298662625,0.0,165
california,800,0.003,early,12,0.1911660327718836,0.05657742961490786,0.0094938822252459,0.23116633530360348,166
california,800,0.003,smart_trend,11,0.1911660327718836,0.05657742961490786,0.0094938822252459,0.23116633530360348,166
california,800,0.003,smart_meta,11,0.1911660327718836,0.05657742961490786,0.0094938822252459,0.23116633530360348,166
california,800,0.003,param,11,0.1911660327718836,0.05657742961490786,0.0094938822252459,0.23116633530360348,166
california,300,0.0003,early,58,0.01936319788002716,0.03536504489339143,0.011328987438589759,0.1593496209441601,167
california,300,0.0003,smart_trend,29,0.05003636554281421,0.03536504489339143,0.011328987438589759,0.1593496209441601,167
california,300,0.0003,smart_meta,33,0.043715528992345654,0.03536504489339143,0.011328987438589759,0.1593496209441601,167
california,300,0.0003,param,22,0.06896293860276259,0.03536504489339143,0.011328987438589759,0.1593496209441601,167
california,6000,0.0003,early,60,0.016097352893515215,0.02347560913312008,0.010692481520086798,0.17609945017558193,168
california,6000,0.0003,smart_trend,29,0.042838943063856605,0.02347560913312008,0.010692481520086798,0.17609945017558193,168
california,6000,0.0003,smart_meta,22,0.05450394158635752,0.02347560913312008,0.010692481520086798,0.17609945017558193,168
california,6000,0.0003,param,11,0.08631835816485078,0.02347560913312008,0.010692481520086798,0.17609945017558193,168
california,2000,0.0003,early,89,0.02343866472208722,0.004800748817386458,0.0024358860380249807,0.1937607058931925,169
california,2000,0.0003,smart_trend,34,0.07023280143365074,0.004800748817386458,0.0024358860380249807,0.1937607058931925,169
california,2000,0.0003,smart_meta,32,0.07317250040512069,0.004800748817386458,0.0024358860380249807,0.1937607058931925,169
california,2000,0.0003,param,11,0.15450961327652113,0.004800748817386458,0.0024358860380249807,0.1937607058931925,169
california,6000,0.003,early,38,0.01992524331074197,0.14190848256062294,0.03388546073281604,0.09544007724191927,170
california,6000,0.003,smart_trend,18,0.03553235246456388,0.14190848256062294,0.03388546073281604,0.09544007724191927,170
california,6000,0.003,smart_meta,18,0.03553235246456388,0.14190848256062294,0.03388546073281604,0.09544007724191927,170
california,6000,0.003,param,11,0.05163084922836425,0.14190848256062294,0.03388546073281604,0.09544007724191927,170
california,800,0.0003,early,61,0.004793197784704661,0.05379286488342194,0.021837353679213013,0.12275692010283668,171
california,800,0.0003,smart_trend,14,0.0833927192656353,0.05379286488342194,0.021837353679213013,0.12275692010283668,171
california,800,0.0003,smart_meta,14,0.0833927192656353,0.05379286488342194,0.021837353679213013,0.12275692010283668,171
california,800,0.0003,param,11,0.09309126178424698,0.05379286488342194,0.021837353679213013,0.12275692010283668,171
california,6000,0.001,early,26,0.006386680583755133,0.08095619851192548,0.03700281745544604,0.06742687568070105,172
california,6000,0.001,smart_trend,14,0.01990260421134915,0.08095619851192548,0.03700281745544604,0.06742687568070105,172
california,6000,0.001,smart_meta,13,0.01990260421134915,0.08095619851192548,0.03700281745544604,0.06742687568070105,172
california,6000,0.001,param,11,0.026014589112261288,0.08095619851192548,0.03700281745544604,0.06742687568070105,172
california,800,0.005,early,6,0.18747278541946677,1.1051678299873715,0.315474356969761,1.4365303845602384,173
california,800,0.005,smart_trend,11,0.18747278541946677,1.1051678299873715,0.315474356969761,1.4365303845602384,173
california,800,0.005,smart_meta,13,0.18747278541946677,1.1051678299873715,0.315474356969761,1.4365303845602384,173
california,800,0.005,param,11,0.18747278541946677,1.1051678299873715,0.315474356969761,1.4365303845602384,173
california,300,0.005,early,6,0.0,3.490050152341663,2.0527478288452943,0.30858360992157774,174
california,300,0.005,smart_trend,11,0.0,3.490050152341663,2.0527478288452943,0.30858360992157774,174
california,300,0.005,smart_meta,18,0.0,3.490050152341663,2.0527478288452943,0.30858360992157774,174
california,300,0.005,param,11,0.0,3.490050152341663,2.0527478288452943,0.30858360992157774,174
california,2000,0.0005,early,36,0.005017277207431281,0.10915207544993877,0.03248210271284949,0.14854821500348792,175
california,2000,0.0005,smart_trend,22,0.027627493875527875,0.10915207544993877,0.03248210271284949,0.14854821500348792,175
california,2000,0.0005,smart_meta,19,0.03437165775401074,0.10915207544993877,0.03248210271284949,0.14854821500348792,175
california,2000,0.0005,param,11,0.05830237734374255,0.10915207544993877,0.03248210271284949,0.14854821500348792,175
california,800,0.0005,early,14,0.0,0.16486079246454488,0.05090487900443833,0.0,176
california,800,0.0005,smart_trend,13,0.0,0.16486079246454488,0.05090487900443833,0.0,176
california,800,0.0005,smart_meta,14,0.0,0.16486079246454488,0.05090487900443833,0.0,176
california,800,0.0005,param,15,0.0,0.16486079246454488,0.05090487900443833,0.0,176
california,300,0.003,early,9,0.0,0.5543554722754178,0.36524936526177354,0.0,177
california,300,0.003,smart_trend,11,0.0,0.5543554722754178,0.36524936526177354,0.0,177
california,300,0.003,smart_meta,11,0.0,0.5543554722754178,0.36524936526177354,0.0,177
california,300,0.003,param,11,0.0,0.5543554722754178,0.36524936526177354,0.0,177
california,300,0.005,early,7,0.0,0.8481786516197394,0.3949208754778927,0.0,178
california,300,0.005,smart_trend,11,0.0,0.8481786516197394,0.3949208754778927,0.0,178
california,300,0.005,smart_meta,11,0.0,0.8481786516197394,0.3949208754778927,0.0,178
california,300,0.005,param,11,0.0,0.8481786516197394,0.3949208754778927,0.0,178
california,2000,0.001,early,139,0.0,0.0027961142567793917,0.0017269905078166274,0.13669521729072193,179
california,2000,0.001,smart_trend,32,0.05219947191321839,0.0027961142567793917,0.0017269905078166274,0.13669521729072193,179
california,2000,0.001,smart_meta,39,0.04472077649727857,0.0027961142567793917,0.0017269905078166274,0.13669521729072193,179
california,2000,0.001,param,18,0.09143531890150325,0.0027961142567793917,0.0017269905078166274,0.13669521729072193,179
california,800,0.0005,early,9,0.0,0.578712229944343,0.20537307194891177,0.0,180
california,800,0.0005,smart_trend,11,0.0,0.578712229944343,0.20537307194891177,0.0,180
california,800,0.0005,smart_meta,11,0.0,0.578712229944343,0.20537307194891177,0.0,180
california,800,0.0005,param,11,0.0,0.578712229944343,0.20537307194891177,0.0,180
california,300,0.0005,early,32,0.0,0.042835579573537785,0.009864670848471088,0.16411426443389204,181
california,300,0.0005,smart_trend,27,0.0,0.042835579573537785,0.009864670848471088,0.16411426443389204,181
california,300,0.0005,smart_meta,29,0.0,0.042835579573537785,0.009864670848471088,0.16411426443389204,181
california,300,0.0005,param,33,0.0,0.042835579573537785,0.009864670848471088,0.16411426443389204,181
california,800,0.0005,early,12,0.0,0.42991238543289256,0.19738373912340124,0.0,182
california,800,0.0005,smart_trend,11,0.0,0.42991238543289256,0.19738373912340124,0.0,182
california,800,0.0005,smart_meta,11,0.0,0.42991238543289256,0.19738373912340124,0.0,182
california,800,0.0005,param,11,0.0,0.42991238543289256,0.19738373912340124,0.0,182
california,6000,0.003,early,22,0.0,0.17446886819086604,0.04227301495381164,0.12870713911317244,183
california,6000,0.003,smart_trend,11,0.02089650833595469,0.17446886819086604,0.04227301495381164,0.12870713911317244,183
california,6000,0.003,smart_meta,11,0.02089650833595469,0.17446886819086604,0.04227301495381164,0.12870713911317244,183
california,6000,0.003,param,11,0.02089650833595469,0.17446886819086604,0.04227301495381164,0.12870713911317244,183
california,2000,0.001,early,49,0.03354366248200791,0.058910358800638885,0.011920102348846063,0.2054921046707331,184
california,2000,0.001,smart_trend,21,0.0702673320178826,0.058910358800638885,0.011920102348846063,0.2054921046707331,184
california,2000,0.001,smart_meta,23,0.0702673320178826,0.058910358800638885,0.011920102348846063,0.2054921046707331,184
california,2000,0.001,param,11,0.1095349690678411,0.058910358800638885,0.011920102348846063,0.2054921046707331,184
california,300,0.0003,early,140,0.0,0.0,0.00010351966175239944,0.425214798012849,185
california,300,0.0003,smart_trend,11,0.49842117303897737,0.0,0.00010351966175239944,0.425214798012849,185
california,300,0.0003,smart_meta,123,0.019953291963358044,0.0,0.00010351966175239944,0.425214798012849,185
california,300,0.0003,param,11,0.49842117303897737,0.0,0.00010351966175239944,0.425214798012849,185
california,6000,0.005,early,16,0.006885288874908246,35.38656321275123,1.121106954096326,0.025691665140235243,186
california,6000,0.005,smart_trend,13,0.006885288874908246,35.38656321275123,1.121106954096326,0.025691665140235243,186
california,6000,0.005,smart_meta,20,0.005656128761665102,35.38656321275123,1.121106954096326,0.025691665140235243,186
california,6000,0.005,param,13,0.006885288874908246,35.38656321275123,1.121106954096326,0.025691665140235243,186
california,800,0.0005,early,9,0.0,1.2086072501965999,0.4563827241898824,0.16801967307430066,187
california,800,0.0005,smart_trend,11,0.0,1.2086072501965999,0.4563827241898824,0.16801967307430066,187
california,800,0.0005,smart_meta,11,0.0,1.2086072501965999,0.4563827241898824,0.16801967307430066,187
california,800,0.0005,param,11,0.0,1.2086072501965999,0.4563827241898824,0.16801967307430066,187
california,2000,0.0003,early,53,0.026993718245684306,0.02242733029920424,0.010129405836784316,0.16575534414326254,188
california,2000,0.0003,smart_trend,28,0.06079749206439988,0.02242733029920424,0.010129405836784316,0.16575534414326254,188
california,2000,0.0003,smart_meta,17,0.08174478347488723,0.02242733029920424,0.010129405836784316,0.16575534414326254,188
california,2000,0.0003,param,11,0.10805129781616096,0.02242733029920424,0.010129405836784316,0.16575534414326254,188
california,2000,0.003,early,18,0.006342427102099979,7.316280849453114,0.3324378779784046,0.08442260905023957,189
california,2000,0.003,smart_trend,16,0.006342427102099979,7.316280849453114,0.3324378779784046,0.08442260905023957,189
california,2000,0.003,smart_meta,16,0.006342427102099979,7.316280849453114,0.3324378779784046,0.08442260905023957,189
california,2000,0.003,param,11,0.03471677295128073,7.316280849453114,0.3324378779784046,0.08442260905023957,189
california,6000,0.001,early,42,0.011791396189005598,0.048346375385166174,0.022865876089627847,0.1462430587258089,190
california,6000,0.001,smart_trend,24,0.02578748319940527,0.048346375385166174,0.022865876089627847,0.1462430587258089,190
california,6000,0.001,smart_meta,22,0.02578748319940527,0.048346375385166174,0.022865876089627847,0.1462430587258089,190
california,6000,0.001,param,16,0.03911850496153746,0.048346375385166174,0.022865876089627847,0.1462430587258089,190
california,800,0.003,early,10,0.0,0.3978800486082781,0.09584689401511212,0.0,191
california,800,0.003,smart_trend,11,0.0,0.3978800486082781,0.09584689401511212,0.0,191
california,800,0.003,smart_meta,11,0.0,0.3978800486082781,0.09584689401511212,0.0,191
california,800,0.003,param,11,0.0,0.3978800486082781,0.09584689401511212,0.0,191
california,2000,0.0005,early,62,0.015442963767908657,0.023327098156056048,0.012314640756251119,0.1461691120641873,192
california,2000,0.0005,smart_trend,26,0.060068060281963986,0.023327098156056048,0.012314640756251119,0.1461691120641873,192
california,2000,0.0005,smart_meta,21,0.0717515752047051,0.023327098156056048,0.012314640756251119,0.1461691120641873,192
california,2000,0.0005,param,11,0.0983802558456538,0.023327098156056048,0.012314640756251119,0.1461691120641873,192
california,300,0.005,early,22,0.08496110841030624,0.0241218446243725,0.006280969343009548,0.1312549988374313,193
california,300,0.005,smart_trend,20,0.08496110841030624,0.0241218446243725,0.006280969343009548,0.1312549988374313,193
california,300,0.005,smart_meta,20,0.08496110841030624,0.0241218446243725,0.006280969343009548,0.1312549988374313,193
california,300,0.005,param,14,0.09619324735241686,0.0241218446243725,0.006280969343009548,0.1312549988374313,193
california,6000,0.0003,early,6,0.3629737529430829,1.0207331120064411,0.3876566336969697,1.0109058135618445,194
california,6000,0.0003,smart_trend,32,0.0,1.0207331120064411,0.3876566336969697,1.0109058135618445,194
california,6000,0.0003,smart_meta,11,0.3629737529430829,1.0207331120064411,0.3876566336969697,1.0109058135618445,194
california,6000,0.0003,param,11,0.3629737529430829,1.0207331120064411,0.3876566336969697,1.0109058135618445,194
california,300,0.0003,early,86,0.0,0.006725968394733273,0.00016405024819100104,0.18588373067977249,195
california,300,0.0003,smart_trend,11,0.18112776077859438,0.006725968394733273,0.00016405024819100104,0.18588373067977249,195
california,300,0.0003,smart_meta,43,0.06334839429208727,0.006725968394733273,0.00016405024819100104,0.18588373067977249,195
california,300,0.0003,param,11,0.18112776077859438,0.006725968394733273,0.00016405024819100104,0.18588373067977249,195
california,800,0.003,early,6,0.17755583516829188,0.9747597302538202,0.2473822802439741,1.0981813040195256,196
california,800,0.003,smart_trend,11,0.17755583516829188,0.9747597302538202,0.2473822802439741,1.0981813040195256,196
california,800,0.003,smart_meta,17,0.17755583516829188,0.9747597302538202,0.2473822802439741,1.0981813040195256,196
california,800,0.003,param,11,0.17755583516829188,0.9747597302538202,0.2473822802439741,1.0981813040195256,196
california,2000,0.0003,early,29,0.0,0.05478556306541793,0.007632894441902918,0.215095959188229,197
california,2000,0.0003,smart_trend,27,0.0,0.05478556306541793,0.007632894441902918,0.215095959188229,197
california,2000,0.0003,smart_meta,27,0.0,0.05478556306541793,0.007632894441902918,0.215095959188229,197
california,2000,0.0003,param,32,0.0,0.05478556306541793,0.007632894441902918,0.215095959188229,197
california,2000,0.003,early,39,0.020355934303716627,0.043298066437062466,0.02133107735473005,0.1539837195666886,198
california,2000,0.003,smart_trend,24,0.03659484114501421,0.043298066437062466,0.02133107735473005,0.1539837195666886,198
california,2000,0.003,smart_meta,21,0.042170064914638705,0.043298066437062466,0.02133107735473005,0.1539837195666886,198
california,2000,0.003,param,18,0.04507289790004487,0.043298066437062466,0.02133107735473005,0.1539837195666886,198
california,800,0.003,early,56,0.011173420267475032,0.023940016021298638,0.017457234946824843,0.20044396191434855,199
california,800,0.003,smart_trend,33,0.04147645057050542,0.023940016021298638,0.017457234946824843,0.20044396191434855,199
california,800,0.003,smart_meta,23,0.06670672595727645,0.023940016021298638,0.017457234946824843,0.20044396191434855,199
california,800,0.003,param,11,0.11364634867072743,0.023940016021298638,0.017457234946824843,0.20044396191434855,199
wine,300,0.001,early,9,0.0,0.16682576728896525,0.07322645347995575,0.01904516894148811,200
wine,300,0.001,smart_trend,11,0.0,0.16682576728896525,0.07322645347995575,0.01904516894148811,200
wine,300,0.001,smart_meta,11,0.0,0.16682576728896525,0.07322645347995575,0.01904516894148811,200
wine,300,0.001,param,11,0.0,0.16682576728896525,0.07322645347995575,0.01904516894148811,200
wine,300,0.003,early,34,0.036542684717307594,0.003934605050235573,0.0014293461259740523,0.07642769923320547,201
wine,300,0.003,smart_trend,19,0.04282007981166547,0.003934605050235573,0.0014293461259740523,0.07642769923320547,201
wine,300,0.003,smart_meta,19,0.04282007981166547,0.003934605050235573,0.0014293461259740523,0.07642769923320547,201
wine,300,0.003,param,14,0.055268835541747885,0.003934605050235573,0.0014293461259740523,0.07642769923320547,201
wine,300,0.0003,early,128,0.0,0.0002856535741463384,0.00016372613726338775,0.2591196102409917,202
wine,300,0.0003,smart_trend,35,0.1116696799269008,0.0002856535741463384,0.00016372613726338775,0.2591196102409917,202
wine,300,0.0003,smart_meta,45,0.07587311500179905,0.0002856535741463384,0.00016372613726338775,0.2591196102409917,202
wine,300,0.0003,param,11,0.25786542073094687,0.0002856535741463384,0.00016372613726338775,0.2591196102409917,202
wine,300,0.003,early,6,0.0,0.2564865219566592,0.12919981702355493,0.15866861232869844,203
wine,300,0.003,smart_trend,11,0.0,0.2564865219566592,0.12919981702355493,0.15866861232869844,203
wine,300,0.003,smart_meta,11,0.0,0.2564865219566592,0.12919981702355493,0.15866861232869844,203
wine,300,0.003,param,11,0.0,0.2564865219566592,0.12919981702355493,0.15866861232869844,203
wine,300,0.0005,early,17,0.0,0.013496372557765368,0.004128449415792985,0.0017752787158372696,204
wine,300,0.0005,smart_trend,13,0.0,0.013496372557765368,0.004128449415792985,0.0017752787158372696,204
wine,300,0.0005,smart_meta,12,0.0,0.013496372557765368,0.004128449415792985,0.0017752787158372696,204
wine,300,0.0005,param,11,0.001199138143327727,0.013496372557765368,0.004128449415792985,0.0017752787158372696,204
wine,300,0.001,early,114,0.0019165564304111093,0.0009579529669503373,0.0004838983475840236,0.3253726593497567,205
wine,300,0.001,smart_trend,40,0.05654303916001113,0.0009579529669503373,0.0004838983475840236,0.3253726593497567,205
wine,300,0.001,smart_meta,45,0.04833607946867946,0.0009579529669503373,0.0004838983475840236,0.3253726593497567,205
wine,300,0.001,param,53,0.03601931485986698,0.0009579529669503373,0.0004838983475840236,0.3253726593497567,205
wine,300,0.003,early,10,0.0,0.29137345280638294,0.10919711482729781,0.09602433833142054,206
wine,300,0.003,smart_trend,11,0.0,0.29137345280638294,0.10919711482729781,0.09602433833142054,206
wine,300,0.003,smart_meta,11,0.0,0.29137345280638294,0.10919711482729781,0.09602433833142054,206
wine,300,0.003,param,11,0.0,0.29137345280638294,0.10919711482729781,0.09602433833142054,206
wine,300,0.0003,early,37,0.0,0.004350565855983812,0.001007067203966723,0.18535168725886775,207
wine,300,0.0003,smart_trend,27,0.0009819972345115335,0.004350565855983812,0.001007067203966723,0.18535168725886775,207
wine,300,0.0003,smart_meta,29,0.0007582329014363953,0.004350565855983812,0.001007067203966723,0.18535168725886775,207
wine,300,0.0003,param,36,0.0,0.004350565855983812,0.001007067203966723,0.18535168725886775,207
wine,300,0.005,early,10,0.0,0.1913609426220595,0.07442989278495672,0.006848378382950937,208
wine,300,0.005,smart_trend,11,0.0,0.1913609426220595,0.07442989278495672,0.006848378382950937,208
wine,300,0.005,smart_meta,11,0.0,0.1913609426220595,0.07442989278495672,0.006848378382950937,208
wine,300,0.005,param,11,0.0,0.1913609426220595,0.07442989278495672,0.006848378382950937,208
wine,300,0.001,early,53,0.0,0.0030975974742215584,0.0005553871572028707,0.24757766521278424,209
wine,300,0.001,smart_trend,36,0.006012875817418606,0.0030975974742215584,0.0005553871572028707,0.24757766521278424,209
wine,300,0.001,smart_meta,38,0.004186541166103397,0.0030975974742215584,0.0005553871572028707,0.24757766521278424,209
wine,300,0.001,param,45,0.00017674398788503076,0.0030975974742215584,0.0005553871572028707,0.24757766521278424,209
wine,300,0.0005,early,92,0.0,0.000916743873660697,0.00027967582469392573,0.2897321956453146,210
wine,300,0.0005,smart_trend,55,0.04160363722657989,0.000916743873660697,0.00027967582469392573,0.2897321956453146,210
wine,300,0.0005,smart_meta,64,0.01697154010068669,0.000916743873660697,0.00027967582469392573,0.2897321956453146,210
wine,300,0.0005,param,11,0.30321594696200416,0.000916743873660697,0.00027967582469392573,0.2897321956453146,210
wine,300,0.0005,early,16,0.0,0.055229337753883945,0.015154490371030048,0.0009603260206708653,211
wine,300,0.0005,smart_trend,14,0.0,0.055229337753883945,0.015154490371030048,0.0009603260206708653,211
wine,300,0.0005,smart_meta,12,0.0,0.055229337753883945,0.015154490371030048,0.0009603260206708653,211
wine,300,0.0005,param,11,0.0,0.055229337753883945,0.015154490371030048,0.0009603260206708653,211
wine,300,0.001,early,50,0.0011175685851106953,0.0012112539853569304,0.0004577302857494075,0.1895479108985214,212
wine,300,0.001,smart_trend,31,0.009205425980757576,0.0012112539853569304,0.0004577302857494075,0.1895479108985214,212
wine,300,0.001,smart_meta,34,0.004621001995202212,0.0012112539853569304,0.0004577302857494075,0.1895479108985214,212
wine,300,0.001,param,29,0.014600950920843903,0.0012112539853569304,0.0004577302857494075,0.1895479108985214,212
wine,300,0.003,early,7,0.02647848106145201,0.08448872490500692,0.030755046051872823,0.004793370383103235,213
wine,300,0.003,smart_trend,13,0.0035412645000033605,0.08448872490500692,0.030755046051872823,0.004793370383103235,213
wine,300,0.003,smart_meta,11,0.0035412645000033605,0.08448872490500692,0.030755046051872823,0.004793370383103235,213
wine,300,0.003,param,11,0.0035412645000033605,0.08448872490500692,0.030755046051872823,0.004793370383103235,213
wine,300,0.0003,early,140,0.0,1.9889487189894695e-05,0.00014596736795609023,0.3715123784212475,214
wine,300,0.0003,smart_trend,58,0.1254770730169269,1.9889487189894695e-05,0.00014596736795609023,0.3715123784212475,214
wine,300,0.0003,smart_meta,76,0.06321718333453341,1.9889487189894695e-05,0.00014596736795609023,0.3715123784212475,214
wine,300,0.0003,param,11,0.42658927722509143,1.9889487189894695e-05,0.00014596736795609023,0.3715123784212475,214
wine,300,0.0005,early,9,0.0,0.08586458888710902,0.029608224818943145,0.0,215
wine,300,0.0005,smart_trend,11,0.0,0.08586458888710902,0.029608224818943145,0.0,215
wine,300,0.0005,smart_meta,11,0.0,0.08586458888710902,0.029608224818943145,0.0,215
wine,300,0.0005,param,11,0.0,0.08586458888710902,0.029608224818943145,0.0,215
wine,300,0.0005,early,12,0.0,0.03216155738817017,0.013459997642036493,0.012653333286212765,216
wine,300,0.0005,smart_trend,11,0.0,0.03216155738817017,0.013459997642036493,0.012653333286212765,216
wine,300,0.0005,smart_meta,11,0.0,0.03216155738817017,0.013459997642036493,0.012653333286212765,216
wine,300,0.0005,param,11,0.0,0.03216155738817017,0.013459997642036493,0.012653333286212765,216
wine,300,0.003,early,30,5.86560905101452e-05,0.006043375525216055,0.0021818114940424962,0.04719054026952818,217
wine,300,0.003,smart_trend,19,0.003398174667812892,0.006043375525216055,0.0021818114940424962,0.04719054026952818,217
wine,300,0.003,smart_meta,21,0.0022934949082873413,0.006043375525216055,0.0021818114940424962,0.04719054026952818,217
wine,300,0.003,param,16,0.011110943370736925,0.006043375525216055,0.0021818114940424962,0.04719054026952818,217
wine,300,0.003,early,7,0.002247966325317652,0.4094749457927733,0.11549456368360496,0.0,218
wine,300,0.003,smart_trend,11,0.0,0.4094749457927733,0.11549456368360496,0.0,218
wine,300,0.003,smart_meta,11,0.0,0.4094749457927733,0.11549456368360496,0.0,218
wine,300,0.003,param,11,0.0,0.4094749457927733,0.11549456368360496,0.0,218
wine,300,0.005,early,11,8.234527457240404e-06,0.06004337217528377,0.023811690279045217,0.04082647635789893,219
wine,300,0.005,smart_trend,11,8.234527457240404e-06,0.06004337217528377,0.023811690279045217,0.04082647635789893,219
wine,300,0.005,smart_meta,11,8.234527457240404e-06,0.06004337217528377,0.023811690279045217,0.04082647635789893,219
wine,300,0.005,param,11,8.234527457240404e-06,0.06004337217528377,0.023811690279045217,0.04082647635789893,219
wine,300,0.003,early,8,0.0,0.042395167377416554,0.01478951196237059,0.014904554751547172,220
wine,300,0.003,smart_trend,11,0.0,0.042395167377416554,0.01478951196237059,0.014904554751547172,220
wine,300,0.003,smart_meta,11,0.0,0.042395167377416554,0.01478951196237059,0.014904554751547172,220
wine,300,0.003,param,11,0.0,0.042395167377416554,0.01478951196237059,0.014904554751547172,220
wine,300,0.0003,early,16,0.0,0.10769238838302775,0.037155560528494745,0.012942968357250173,221
wine,300,0.0003,smart_trend,14,0.0,0.10769238838302775,0.037155560528494745,0.012942968357250173,221
wine,300,0.0003,smart_meta,14,0.0,0.10769238838302775,0.037155560528494745,0.012942968357250173,221
wine,300,0.0003,param,11,0.0,0.10769238838302775,0.037155560528494745,0.012942968357250173,221
wine,300,0.003,early,10,0.0,0.025010451139573786,0.009718454828696614,0.0031589902880864162,222
wine,300,0.003,smart_trend,11,0.0,0.025010451139573786,0.009718454828696614,0.0031589902880864162,222
wine,300,0.003,smart_meta,11,0.0,0.025010451139573786,0.009718454828696614,0.0031589902880864162,222
wine,300,0.003,param,11,0.0,0.025010451139573786,0.009718454828696614,0.0031589902880864162,222
wine,300,0.005,early,7,0.0,0.09190722849165334,0.03485644963969705,0.026095897317070627,223
wine,300,0.005,smart_trend,11,0.0,0.09190722849165334,0.03485644963969705,0.026095897317070627,223
wine,300,0.005,smart_meta,11,0.0,0.09190722849165334,0.03485644963969705,0.026095897317070627,223
wine,300,0.005,param,11,0.0,0.09190722849165334,0.03485644963969705,0.026095897317070627,223
wine,300,0.001,early,12,0.006877560870909849,0.01944142977631902,0.005724782117361351,0.01032939664003052,224
wine,300,0.001,smart_trend,12,0.006877560870909849,0.01944142977631902,0.005724782117361351,0.01032939664003052,224
wine,300,0.001,smart_meta,11,0.006877560870909849,0.01944142977631902,0.005724782117361351,0.01032939664003052,224
wine,300,0.001,param,11,0.006877560870909849,0.01944142977631902,0.005724782117361351,0.01032939664003052,224
wine,300,0.003,early,11,0.0,0.08201811201362097,0.04942949586999841,0.0011465593374568872,225
wine,300,0.003,smart_trend,11,0.0,0.08201811201362097,0.04942949586999841,0.0011465593374568872,225
wine,300,0.003,smart_meta,11,0.0,0.08201811201362097,0.04942949586999841,0.0011465593374568872,225
wine,300,0.003,param,11,0.0,0.08201811201362097,0.04942949586999841,0.0011465593374568872,225
wine,300,0.001,early,81,0.0014034498970475484,0.0011423249050417361,0.0005060543633800123,0.1583096395731961,226
wine,300,0.001,smart_trend,27,0.04188020994226094,0.0011423249050417361,0.0005060543633800123,0.1583096395731961,226
wine,300,0.001,smart_meta,30,0.034821728149248665,0.0011423249050417361,0.0005060543633800123,0.1583096395731961,226
wine,300,0.001,param,15,0.09774306520021236,0.0011423249050417361,0.0005060543633800123,0.1583096395731961,226
wine,300,0.0003,early,50,0.004741476712129766,0.003625305232662579,0.001119640077195827,0.10022413661361707,227
wine,300,0.0003,smart_trend,23,0.020021776148189896,0.003625305232662579,0.001119640077195827,0.10022413661361707,227
wine,300,0.0003,smart_meta,22,0.020786393791929925,0.003625305232662579,0.001119640077195827,0.10022413661361707,227
wine,300,0.0003,param,18,0.031219719091626463,0.003625305232662579,0.001119640077195827,0.10022413661361707,227
wine,300,0.0005,early,32,0.0,0.006739912491755873,0.00235261958018866,0.09290206884022734,228
wine,300,0.0005,smart_trend,20,0.006505276691161632,0.006739912491755873,0.00235261958018866,0.09290206884022734,228
wine,300,0.0005,smart_meta,18,0.010786455252533522,0.006739912491755873,0.00235261958018866,0.09290206884022734,228
wine,300,0.0005,param,22,0.0038536395089763253,0.006739912491755873,0.00235261958018866,0.09290206884022734,228
wine,300,0.005,early,16,0.0,0.008978222550747761,0.0031609482244845666,0.004191641030567905,229
wine,300,0.005,smart_trend,13,0.0,0.008978222550747761,0.0031609482244845666,0.004191641030567905,229
wine,300,0.005,smart_meta,13,0.0,0.008978222550747761,0.0031609482244845666,0.004191641030567905,229
wine,300,0.005,param,11,0.0,0.008978222550747761,0.0031609482244845666,0.004191641030567905,229
wine,300,0.005,early,8,0.0,0.27628397714733777,0.09660656935655564,0.05130998489657057,230
wine,300,0.005,smart_trend,11,0.0,0.27628397714733777,0.09660656935655564,0.05130998489657057,230
wine,300,0.005,smart_meta,11,0.0,0.27628397714733777,0.09660656935655564,0.05130998489657057,230
wine,300,0.005,param,11,0.0,0.27628397714733777,0.09660656935655564,0.05130998489657057,230
wine,300,0.0003,early,56,0.0,0.0018047724129410803,0.000491022824611268,0.21108177210063728,231
wine,300,0.0003,smart_trend,33,0.009558913956527526,0.0018047724129410803,0.000491022824611268,0.21108177210063728,231
wine,300,0.0003,smart_meta,35,0.006060910560918731,0.0018047724129410803,0.000491022824611268,0.21108177210063728,231
wine,300,0.0003,param,39,0.004980337678876512,0.0018047724129410803,0.000491022824611268,0.21108177210063728,231
wine,300,0.0005,early,20,0.0,0.009987964777670943,0.003223529485633771,0.04088173189148592,232
wine,300,0.0005,smart_trend,18,0.0,0.009987964777670943,0.003223529485633771,0.04088173189148592,232
wine,300,0.0005,smart_meta,16,0.0,0.009987964777670943,0.003223529485633771,0.04088173189148592,232
wine,300,0.0005,param,19,0.0,0.009987964777670943,0.003223529485633771,0.04088173189148592,232
wine,300,0.0003,early,140,0.0,0.0,0.0001563205634743354,0.3570922713573632,233
wine,300,0.0003,smart_trend,47,0.16522400331338227,0.0,0.0001563205634743354,0.3570922713573632,233
wine,300,0.0003,smart_meta,67,0.09146274625190232,0.0,0.0001563205634743354,0.3570922713573632,233
wine,300,0.0003,param,11,0.38087941531035996,0.0,0.0001563205634743354,0.3570922713573632,233
wine,300,0.005,early,6,0.0,0.42076601352184784,0.10844946560624534,0.16076858375969194,234
wine,300,0.005,smart_trend,11,0.0,0.42076601352184784,0.10844946560624534,0.16076858375969194,234
wine,300,0.005,smart_meta,11,0.0,0.42076601352184784,0.10844946560624534,0.16076858375969194,234
wine,300,0.005,param,11,0.0,0.42076601352184784,0.10844946560624534,0.16076858375969194,234
wine,300,0.001,early,21,0.0,0.019137795671542945,0.008391095493267341,0.02143221138313034,235
wine,300,0.001,smart_trend,16,0.0,0.019137795671542945,0.008391095493267341,0.02143221138313034,235
wine,300,0.001,smart_meta,15,0.00022388367405279386,0.019137795671542945,0.008391095493267341,0.02143221138313034,235
wine,300,0.001,param,11,0.01104011450050757,0.019137795671542945,0.008391095493267341,0.02143221138313034,235
wine,300,0.001,early,10,0.0,0.029734262415612833,0.00868217731167976,0.0,236
wine,300,0.001,smart_trend,11,0.0,0.029734262415612833,0.00868217731167976,0.0,236
wine,300,0.001,smart_meta,11,0.0,0.029734262415612833,0.00868217731167976,0.0,236
wine,300,0.001,param,11,0.0,0.029734262415612833,0.00868217731167976,0.0,236
wine,300,0.0003,early,140,0.0,0.0,0.00013750611449674707,0.36520244817885816,237
wine,300,0.0003,smart_trend,25,0.30698885229960693,0.0,0.00013750611449674707,0.36520244817885816,237
wine,300,0.0003,smart_meta,82,0.07892752798351965,0.0,0.00013750611449674707,0.36520244817885816,237
wine,300,0.0003,param,11,0.39015686357112334,0.0,0.00013750611449674707,0.36520244817885816,237
wine,300,0.005,early,7,0.0,0.234927863198527,0.12264723835809735,0.13574517793841134,238
wine,300,0.005,smart_trend,11,0.0,0.234927863198527,0.12264723835809735,0.13574517793841134,238
wine,300,0.005,smart_meta,11,0.0,0.234927863198527,0.12264723835809735,0.13574517793841134,238
wine,300,0.005,param,11,0.0,0.234927863198527,0.12264723835809735,0.13574517793841134,238
wine,300,0.005,early,25,0.0,0.03886418139637782,0.004036375495175285,0.02457642033863494,239
wine,300,0.005,smart_trend,17,0.0029625204289377427,0.03886418139637782,0.004036375495175285,0.02457642033863494,239
wine,300,0.005,smart_meta,16,0.0030572771651838915,0.03886418139637782,0.004036375495175285,0.02457642033863494,239
wine,300,0.005,param,14,0.0030572771651838915,0.03886418139637782,0.004036375495175285,0.02457642033863494,239
wine,300,0.005,early,20,0.015876168937417168,0.008871950845042664,0.0029048537642978552,0.029639444335265774,240
wine,300,0.005,smart_trend,15,0.015876168937417168,0.008871950845042664,0.0029048537642978552,0.029639444335265774,240
wine,300,0.005,smart_meta,12,0.019556406005882376,0.008871950845042664,0.0029048537642978552,0.029639444335265774,240
wine,300,0.005,param,11,0.021350697604701208,0.008871950845042664,0.0029048537642978552,0.029639444335265774,240
wine,300,0.005,early,9,0.0,0.15013585655756145,0.052160978830854535,0.0,241
wine,300,0.005,smart_trend,11,0.0,0.15013585655756145,0.052160978830854535,0.0,241
wine,300,0.005,smart_meta,11,0.0,0.15013585655756145,0.052160978830854535,0.0,241
wine,300,0.005,param,11,0.0,0.15013585655756145,0.052160978830854535,0.0,241
wine,300,0.003,early,11,0.0,0.1223964139981304,0.03795482699679225,0.0,242
wine,300,0.003,smart_trend,11,0.0,0.1223964139981304,0.03795482699679225,0.0,242
wine,300,0.003,smart_meta,11,0.0,0.1223964139981304,0.03795482699679225,0.0,242
wine,300,0.003,param,11,0.0,0.1223964139981304,0.03795482699679225,0.0,242
wine,300,0.005,early,11,0.007410597347539349,0.036945296944425166,0.017758931232630597,0.018122459796027224,243
wine,300,0.005,smart_trend,11,0.007410597347539349,0.036945296944425166,0.017758931232630597,0.018122459796027224,243
wine,300,0.005,smart_meta,11,0.007410597347539349,0.036945296944425166,0.017758931232630597,0.018122459796027224,243
wine,300,0.005,param,11,0.007410597347539349,0.036945296944425166,0.017758931232630597,0.018122459796027224,243
wine,300,0.005,early,14,0.0,0.018887681961543223,0.00815261229840559,0.0,244
wine,300,0.005,smart_trend,13,0.0,0.018887681961543223,0.00815261229840559,0.0,244
wine,300,0.005,smart_meta,12,0.0,0.018887681961543223,0.00815261229840559,0.0,244
wine,300,0.005,param,11,0.0,0.018887681961543223,0.00815261229840559,0.0,244
wine,300,0.003,early,17,0.0,0.01590420411385618,0.005376778310112405,0.005997735386594538,245
wine,300,0.003,smart_trend,14,0.0,0.01590420411385618,0.005376778310112405,0.005997735386594538,245
wine,300,0.003,smart_meta,13,0.0,0.01590420411385618,0.005376778310112405,0.005997735386594538,245
wine,300,0.003,param,12,0.0,0.01590420411385618,0.005376778310112405,0.005997735386594538,245
wine,300,0.003,early,12,0.016436534497926147,0.05319428703291007,0.02063578174411002,0.03382082254238172,246
wine,300,0.003,smart_trend,11,0.016436534497926147,0.05319428703291007,0.02063578174411002,0.03382082254238172,246
wine,300,0.003,smart_meta,11,0.016436534497926147,0.05319428703291007,0.02063578174411002,0.03382082254238172,246
wine,300,0.003,param,11,0.016436534497926147,0.05319428703291007,0.02063578174411002,0.03382082254238172,246
wine,300,0.005,early,8,0.0,0.2294203872446554,0.07935937160219907,0.0,247
wine,300,0.005,smart_trend,11,0.0,0.2294203872446554,0.07935937160219907,0.0,247
wine,300,0.005,smart_meta,11,0.0,0.2294203872446554,0.07935937160219907,0.0,247
wine,300,0.005,param,11,0.0,0.2294203872446554,0.07935937160219907,0.0,247
wine,300,0.003,early,13,0.0,0.1283950489493324,0.05157307173155934,0.0,248
wine,300,0.003,smart_trend,11,0.0,0.1283950489493324,0.05157307173155934,0.0,248
wine,300,0.003,smart_meta,11,0.0,0.1283950489493324,0.05157307173155934,0.0,248
wine,300,0.003,param,11,0.0,0.1283950489493324,0.05157307173155934,0.0,248
wine,300,0.0003,early,57,0.0,0.001959608916878186,0.00048171786684744983,0.2595238753278801,249
wine,300,0.0003,smart_trend,36,0.009025280775009858,0.001959608916878186,0.00048171786684744983,0.2595238753278801,249
wine,300,0.0003,smart_meta,38,0.007160160305961671,0.001959608916878186,0.00048171786684744983,0.2595238753278801,249
wine,300,0.0003,param,49,0.0004313579636802123,0.001959608916878186,0.00048171786684744983,0.2595238753278801,249
wine,300,0.0005,early,12,0.0,0.24610126944674304,0.08729990947235322,0.05425820242106605,250
wine,300,0.0005,smart_trend,11,0.0,0.24610126944674304,0.08729990947235322,0.05425820242106605,250
wine,300,0.0005,smart_meta,11,0.0,0.24610126944674304,0.08729990947235322,0.05425820242106605,250
wine,300,0.0005,param,11,0.0,0.24610126944674304,0.08729990947235322,0.05425820242106605,250
wine,300,0.001,early,10,0.0,0.21792084371570675,0.05940938771994608,0.06042690049980726,251
wine,300,0.001,smart_trend,11,0.0,0.21792084371570675,0.05940938771994608,0.06042690049980726,251
wine,300,0.001,smart_meta,11,0.0,0.21792084371570675,0.05940938771994608,0.06042690049980726,251
wine,300,0.001,param,11,0.0,0.21792084371570675,0.05940938771994608,0.06042690049980726,251
wine,300,0.0003,early,9,0.0,0.07790177514874608,0.028784360156736646,0.00118525833223182,252
wine,300,0.0003,smart_trend,11,0.0,0.07790177514874608,0.028784360156736646,0.00118525833223182,252
wine,300,0.0003,smart_meta,11,0.0,0.07790177514874608,0.028784360156736646,0.00118525833223182,252
wine,300,0.0003,param,11,0.0,0.07790177514874608,0.028784360156736646,0.00118525833223182,252
wine,300,0.0005,early,20,0.05240817263722597,0.010549423892432852,0.002818100706803198,0.07683568279919462,253
wine,300,0.0005,smart_trend,17,0.05240817263722597,0.010549423892432852,0.002818100706803198,0.07683568279919462,253
wine,300,0.0005,smart_meta,17,0.05240817263722597,0.010549423892432852,0.002818100706803198,0.07683568279919462,253
wine,300,0.0005,param,13,0.060746825097383494,0.010549423892432852,0.002818100706803198,0.07683568279919462,253
wine,300,0.0005,early,10,0.0,0.03274397690664377,0.009431992122641251,0.0,254
wine,300,0.0005,smart_trend,11,0.0,0.03274397690664377,0.009431992122641251,0.0,254
wine,300,0.0005,smart_meta,11,0.0,0.03274397690664377,0.009431992122641251,0.0,254
wine,300,0.0005,param,11,0.0,0.03274397690664377,0.009431992122641251,0.0,254
wine,300,0.005,early,6,0.0,0.17028865877989152,0.056059726713501505,0.0,255
wine,300,0.005,smart_trend,11,0.0,0.17028865877989152,0.056059726713501505,0.0,255
wine,300,0.005,smart_meta,11,0.0,0.17028865877989152,0.056059726713501505,0.0,255
wine,300,0.005,param,11,0.0,0.17028865877989152,0.056059726713501505,0.0,255
wine,300,0.0005,early,100,0.0007315601929337445,0.00045142904745287815,0.00020323796634873163,0.29705115836625795,256
wine,300,0.0005,smart_trend,47,0.03218089132553981,0.00045142904745287815,0.00020323796634873163,0.29705115836625795,256
wine,300,0.0005,smart_meta,53,0.01976835558217116,0.00045142904745287815,0.00020323796634873163,0.29705115836625795,256
wine,300,0.0005,param,41,0.053083582900180115,0.00045142904745287815,0.00020323796634873163,0.29705115836625795,256
wine,300,0.0005,early,140,0.0,6.226027159772496e-05,0.0001981933540382514,0.37572240657562184,257
wine,300,0.0005,smart_trend,62,0.07222098273356803,6.226027159772496e-05,0.0001981933540382514,0.37572240657562184,257
wine,300,0.0005,smart_meta,79,0.03317458397586004,6.226027159772496e-05,0.0001981933540382514,0.37572240657562184,257
wine,300,0.0005,param,11,0.4182946019151943,6.226027159772496e-05,0.0001981933540382514,0.37572240657562184,257
wine,300,0.001,early,20,0.0,0.01715241892986641,0.0063895153342940466,0.003606254374995066,258
wine,300,0.001,smart_trend,11,0.0030565611193180686,0.01715241892986641,0.0063895153342940466,0.003606254374995066,258
wine,300,0.001,smart_meta,11,0.0030565611193180686,0.01715241892986641,0.0063895153342940466,0.003606254374995066,258
wine,300,0.001,param,11,0.0030565611193180686,0.01715241892986641,0.0063895153342940466,0.003606254374995066,258
wine,300,0.0005,early,25,0.0,0.005327682777339637,0.0015780741310098174,0.09960272446939666,259
wine,300,0.0005,smart_trend,21,0.0,0.005327682777339637,0.0015780741310098174,0.09960272446939666,259
wine,300,0.0005,smart_meta,19,6.957578996413805e-05,0.005327682777339637,0.0015780741310098174,0.09960272446939666,259
wine,300,0.0005,param,26,0.0,0.005327682777339637,0.0015780741310098174,0.09960272446939666,259
wine,300,0.0003,early,19,0.0,0.013849251731805623,0.004976198815387758,0.006971326161050007,260
wine,300,0.0003,smart_trend,14,0.0,0.013849251731805623,0.004976198815387758,0.006971326161050007,260
wine,300,0.0003,smart_meta,13,0.0017171376567745034,0.013849251731805623,0.004976198815387758,0.006971326161050007,260
wine,300,0.0003,param,12,0.0017171376567745034,0.013849251731805623,0.004976198815387758,0.006971326161050007,260
wine,300,0.003,early,9,0.0,0.040720694484902564,0.017295537562651845,0.007833977723139207,261
wine,300,0.003,smart_trend,11,0.0,0.040720694484902564,0.017295537562651845,0.007833977723139207,261
wine,300,0.003,smart_meta,11,0.0,0.040720694484902564,0.017295537562651845,0.007833977723139207,261
wine,300,0.003,param,11,0.0,0.040720694484902564,0.017295537562651845,0.007833977723139207,261
wine,300,0.003,early,10,0.0,0.1802368690263434,0.10815368142117932,0.0,262
wine,300,0.003,smart_trend,11,0.0,0.1802368690263434,0.10815368142117932,0.0,262
wine,300,0.003,smart_meta,11,0.0,0.1802368690263434,0.10815368142117932,0.0,262
wine,300,0.003,param,11,0.0,0.1802368690263434,0.10815368142117932,0.0,262
wine,300,0.0003,early,27,0.0,0.005928959995065375,0.002169660335050259,0.02256237387422466,263
wine,300,0.0003,smart_trend,16,0.0027304618979164808,0.005928959995065375,0.002169660335050259,0.02256237387422466,263
wine,300,0.0003,smart_meta,14,0.0059757011028835905,0.005928959995065375,0.002169660335050259,0.02256237387422466,263
wine,300,0.0003,param,15,0.0059566065464612405,0.005928959995065375,0.002169660335050259,0.02256237387422466,263
wine,300,0.0005,early,99,7.458811102512009e-05,0.0006517175729923164,0.00022985595754748225,0.31353663744629356,264
wine,300,0.0005,smart_trend,50,0.04491230616116282,0.0006517175729923164,0.00022985595754748225,0.31353663744629356,264
wine,300,0.0005,smart_meta,57,0.027262730296013893,0.0006517175729923164,0.00022985595754748225,0.31353663744629356,264
wine,300,0.0005,param,11,0.3101405878485931,0.0006517175729923164,0.00022985595754748225,0.31353663744629356,264
wine,300,0.0003,early,43,0.0006803032430373612,0.004374863263982953,0.0009710011682180984,0.18081515964907902,265
wine,300,0.0003,smart_trend,28,0.010519310474086163,0.004374863263982953,0.0009710011682180984,0.18081515964907902,265
wine,300,0.0003,smart_meta,27,0.012596977224311412,0.004374863263982953,0.0009710011682180984,0.18081515964907902,265
wine,300,0.0003,param,31,0.006057986706966445,0.004374863263982953,0.0009710011682180984,0.18081515964907902,265
wine,300,0.001,early,8,0.0,0.15005324106243134,0.045112287813735046,0.0,266
wine,300,0.001,smart_trend,11,0.0,0.15005324106243134,0.045112287813735046,0.0,266
wine,300,0.001,smart_meta,11,0.0,0.15005324106243134,0.045112287813735046,0.0,266
wine,300,0.001,param,11,0.0,0.15005324106243134,0.045112287813735046,0.0,266
wine,300,0.001,early,18,0.0010972806189119,0.008936162973685713,0.0023083656850082694,0.019175459900825698,267
wine,300,0.001,smart_trend,16,0.0010972806189119,0.008936162973685713,0.0023083656850082694,0.019175459900825698,267
wine,300,0.001,smart_meta,15,0.0010972806189119,0.008936162973685713,0.0023083656850082694,0.019175459900825698,267
wine,300,0.001,param,16,0.0010972806189119,0.008936162973685713,0.0023083656850082694,0.019175459900825698,267
wine,300,0.001,early,7,0.0,0.1585979658336285,0.03615827853873627,0.0,268
wine,300,0.001,smart_trend,11,0.0,0.1585979658336285,0.03615827853873627,0.0,268
wine,300,0.001,smart_meta,11,0.0,0.1585979658336285,0.03615827853873627,0.0,268
wine,300,0.001,param,11,0.0,0.1585979658336285,0.03615827853873627,0.0,268
wine,300,0.001,early,12,0.0,0.0653014961142655,0.02546832477137187,0.0034027889888613716,269
wine,300,0.001,smart_trend,11,0.0,0.0653014961142655,0.02546832477137187,0.0034027889888613716,269
wine,300,0.001,smart_meta,11,0.0,0.0653014961142655,0.02546832477137187,0.0034027889888613716,269
wine,300,0.001,param,11,0.0,0.0653014961142655,0.02546832477137187,0.0034027889888613716,269
wine,300,0.003,early,48,0.0070778150313899335,0.0027280819515818067,0.0013927978184824488,0.162363808837389,270
wine,300,0.003,smart_trend,27,0.030999833340324634,0.0027280819515818067,0.0013927978184824488,0.162363808837389,270
wine,300,0.003,smart_meta,29,0.030905673308966652,0.0027280819515818067,0.0013927978184824488,0.162363808837389,270
wine,300,0.003,param,15,0.10579452359767894,0.0027280819515818067,0.0013927978184824488,0.162363808837389,270
wine,300,0.005,early,8,0.0,0.23009491449122987,0.07998411041848408,0.01156355179525348,271
wine,300,0.005,smart_trend,11,0.0,0.23009491449122987,0.07998411041848408,0.01156355179525348,271
wine,300,0.005,smart_meta,11,0.0,0.23009491449122987,0.07998411041848408,0.01156355179525348,271
wine,300,0.005,param,11,0.0,0.23009491449122987,0.07998411041848408,0.01156355179525348,271
wine,300,0.001,early,22,0.0,0.044873681558202816,0.02292946002877706,0.02591766343997237,272
wine,300,0.001,smart_trend,11,0.007114273700058904,0.044873681558202816,0.02292946002877706,0.02591766343997237,272
wine,300,0.001,smart_meta,11,0.007114273700058904,0.044873681558202816,0.02292946002877706,0.02591766343997237,272
wine,300,0.001,param,11,0.007114273700058904,0.044873681558202816,0.02292946002877706,0.02591766343997237,272
wine,300,0.0003,early,25,0.003349006185025094,0.006562239240855194,0.0017780883836234617,0.049918391470320955,273
wine,300,0.0003,smart_trend,18,0.006041278970096875,0.006562239240855194,0.0017780883836234617,0.049918391470320955,273
wine,300,0.0003,smart_meta,16,0.008768399320639442,0.006562239240855194,0.0017780883836234617,0.049918391470320955,273
wine,300,0.0003,param,18,0.006041278970096875,0.006562239240855194,0.0017780883836234617,0.049918391470320955,273
wine,300,0.0005,early,15,0.005477870214657954,0.021382562011011075,0.008044953679764023,0.006043364812440055,274
wine,300,0.0005,smart_trend,13,0.005477870214657954,0.021382562011011075,0.008044953679764023,0.006043364812440055,274
wine,300,0.0005,smart_meta,12,0.005477870214657954,0.021382562011011075,0.008044953679764023,0.006043364812440055,274
wine,300,0.0005,param,11,0.005477870214657954,0.021382562011011075,0.008044953679764023,0.006043364812440055,274
wine,300,0.001,early,45,0.0,0.004121218063096732,0.0014791740407658278,0.11746248956254368,275
wine,300,0.001,smart_trend,22,0.015051164758991153,0.004121218063096732,0.0014791740407658278,0.11746248956254368,275
wine,300,0.001,smart_meta,24,0.015051164758991153,0.004121218063096732,0.0014791740407658278,0.11746248956254368,275
wine,300,0.001,param,24,0.015051164758991153,0.004121218063096732,0.0014791740407658278,0.11746248956254368,275
wine,300,0.005,early,10,0.0,0.050401090266531945,0.0221071040368993,0.01745708239765964,276
wine,300,0.005,smart_trend,11,0.0,0.050401090266531945,0.0221071040368993,0.01745708239765964,276
wine,300,0.005,smart_meta,11,0.0,0.050401090266531945,0.0221071040368993,0.01745708239765964,276
wine,300,0.005,param,11,0.0,0.050401090266531945,0.0221071040368993,0.01745708239765964,276
wine,300,0.0003,early,24,0.0,0.015681947510645666,0.005463316944985321,0.04865002710255162,277
wine,300,0.0003,smart_trend,18,0.0007525045345095904,0.015681947510645666,0.005463316944985321,0.04865002710255162,277
wine,300,0.0003,smart_meta,16,0.004869529581137622,0.015681947510645666,0.005463316944985321,0.04865002710255162,277
wine,300,0.0003,param,19,0.0,0.015681947510645666,0.005463316944985321,0.04865002710255162,277
wine,300,0.0005,early,60,0.0,0.0022957910946977966,0.0007508074912306831,0.17107288358130712,278
wine,300,0.0005,smart_trend,23,0.02914909345908201,0.0022957910946977966,0.0007508074912306831,0.17107288358130712,278
wine,300,0.0005,smart_meta,22,0.03044567351065286,0.0022957910946977966,0.0007508074912306831,0.17107288358130712,278
wine,300,0.0005,param,29,0.01764969520612658,0.0022957910946977966,0.0007508074912306831,0.17107288358130712,278
wine,300,0.0003,early,26,0.0,0.008869763765697702,0.004078623507645166,0.014439576789189612,279
wine,300,0.0003,smart_trend,15,0.0007269058948058404,0.008869763765697702,0.004078623507645166,0.014439576789189612,279
wine,300,0.0003,smart_meta,14,0.005113402868945127,0.008869763765697702,0.004078623507645166,0.014439576789189612,279
wine,300,0.0003,param,11,0.010893205757032565,0.008869763765697702,0.004078623507645166,0.014439576789189612,279
wine,300,0.001,early,16,0.0,0.03686203293365364,0.015423448109053503,0.011210081005447181,280
wine,300,0.001,smart_trend,11,0.0,0.03686203293365364,0.015423448109053503,0.011210081005447181,280
wine,300,0.001,smart_meta,11,0.0,0.03686203293365364,0.015423448109053503,0.011210081005447181,280
wine,300,0.001,param,11,0.0,0.03686203293365364,0.015423448109053503,0.011210081005447181,280
wine,300,0.003,early,29,0.0,0.014560034379055287,0.004016727056907894,0.042506782526789744,281
wine,300,0.003,smart_trend,17,0.015065545346796827,0.014560034379055287,0.004016727056907894,0.042506782526789744,281
wine,300,0.003,smart_meta,17,0.015065545346796827,0.014560034379055287,0.004016727056907894,0.042506782526789744,281
wine,300,0.003,param,11,0.03174499840470946,0.014560034379055287,0.004016727056907894,0.042506782526789744,281
wine,300,0.0003,early,140,0.0,5.8828019110390706e-05,0.00010082456074338523,0.30686685552251813,282
wine,300,0.0003,smart_trend,11,0.29194556404514005,5.8828019110390706e-05,0.00010082456074338523,0.30686685552251813,282
wine,300,0.0003,smart_meta,68,0.0612416127906793,5.8828019110390706e-05,0.00010082456074338523,0.30686685552251813,282
wine,300,0.0003,param,11,0.29194556404514005,5.8828019110390706e-05,0.00010082456074338523,0.30686685552251813,282
wine,300,0.003,early,10,0.0,0.2515794335469852,0.1412926728226813,0.05679836575694952,283
wine,300,0.003,smart_trend,11,0.0,0.2515794335469852,0.1412926728226813,0.05679836575694952,283
wine,300,0.003,smart_meta,11,0.0,0.2515794335469852,0.1412926728226813,0.05679836575694952,283
wine,300,0.003,param,11,0.0,0.2515794335469852,0.1412926728226813,0.05679836575694952,283
wine,300,0.0005,early,17,0.0,0.007969743549443686,0.0021436683610576296,0.007591189996141945,284
wine,300,0.0005,smart_trend,15,0.0,0.007969743549443686,0.0021436683610576296,0.007591189996141945,284
wine,300,0.0005,smart_meta,11,0.0021839398908136687,0.007969743549443686,0.0021436683610576296,0.007591189996141945,284
wine,300,0.0005,param,11,0.0021839398908136687,0.007969743549443686,0.0021436683610576296,0.007591189996141945,284
wine,300,0.001,early,104,0.0033712036068661577,0.0013634254653959177,0.000426373332896253,0.22004205431056678,285
wine,300,0.001,smart_trend,31,0.06434972921233795,0.0013634254653959177,0.000426373332896253,0.22004205431056678,285
wine,300,0.001,smart_meta,38,0.04691234160543312,0.0013634254653959177,0.000426373332896253,0.22004205431056678,285
wine,300,0.001,param,17,0.13683696166702108,0.0013634254653959177,0.000426373332896253,0.22004205431056678,285
wine,300,0.003,early,9,0.0,0.3783908192475973,0.09604008873209567,0.0,286
wine,300,0.003,smart_trend,11,0.0,0.3783908192475973,0.09604008873209567,0.0,286
wine,300,0.003,smart_meta,11,0.0,0.3783908192475973,0.09604008873209567,0.0,286
wine,300,0.003,param,11,0.0,0.3783908192475973,0.09604008873209567,0.0,286
wine,300,0.0003,early,66,0.0,0.0030910913983699384,0.0006648644409430521,0.2792019627878014,287
wine,300,0.0003,smart_trend,31,0.02473783323208234,0.0030910913983699384,0.0006648644409430521,0.2792019627878014,287
wine,300,0.0003,smart_meta,36,0.01751173703597464,0.0030910913983699384,0.0006648644409430521,0.2792019627878014,287
wine,300,0.0003,param,47,0.00669347741289994,0.0030910913983699384,0.0006648644409430521,0.2792019627878014,287
wine,300,0.005,early,7,0.0,0.13832056189360764,0.05772526004524621,0.013556894995522928,288
wine,300,0.005,smart_trend,11,0.0,0.13832056189360764,0.05772526004524621,0.013556894995522928,288
wine,300,0.005,smart_meta,11,0.0,0.13832056189360764,0.05772526004524621,0.013556894995522928,288
wine,300,0.005,param,11,0.0,0.13832056189360764,0.05772526004524621,0.013556894995522928,288
wine,300,0.001,early,91,0.015228505451764351,0.00051888315845805,0.00043219171748695284,0.2466712448239199,289
wine,300,0.001,smart_trend,34,0.045974619873626166,0.00051888315845805,0.00043219171748695284,0.2466712448239199,289
wine,300,0.001,smart_meta,39,0.03862327532148513,0.00051888315845805,0.00043219171748695284,0.2466712448239199,289
wine,300,0.001,param,25,0.08104225010730215,0.00051888315845805,0.00043219171748695284,0.2466712448239199,289
wine,300,0.0005,early,106,0.010716521439636417,0.00024219343640397017,0.0002238312130321099,0.3454176409672389,290
wine,300,0.0005,smart_trend,54,0.07333795461379056,0.00024219343640397017,0.0002238312130321099,0.3454176409672389,290
wine,300,0.0005,smart_meta,65,0.03968869189936697,0.00024219343640397017,0.0002238312130321099,0.3454176409672389,290
wine,300,0.0005,param,11,0.378345388661639,0.00024219343640397017,0.0002238312130321099,0.3454176409672389,290
wine,300,0.0005,early,20,0.0,0.02663969940047317,0.00775730415884645,0.007490240676851334,291
wine,300,0.0005,smart_trend,14,0.0007998232321438925,0.02663969940047317,0.00775730415884645,0.007490240676851334,291
wine,300,0.0005,smart_meta,12,0.0019082622324650966,0.02663969940047317,0.00775730415884645,0.007490240676851334,291
wine,300,0.0005,param,11,0.0030630652025994687,0.02663969940047317,0.00775730415884645,0.007490240676851334,291
wine,300,0.001,early,74,0.004711820479186168,0.002185101278517787,0.0008848519159441363,0.20235608878092848,292
wine,300,0.001,smart_trend,29,0.062051878358366785,0.002185101278517787,0.0008848519159441363,0.20235608878092848,292
wine,300,0.001,smart_meta,35,0.04693782090415932,0.002185101278517787,0.0008848519159441363,0.20235608878092848,292
wine,300,0.001,param,14,0.15806849730554862,0.002185101278517787,0.0008848519159441363,0.20235608878092848,292
wine,300,0.003,early,11,0.0,0.14184328016711967,0.06594481185861609,0.016138690328353467,293
wine,300,0.003,smart_trend,11,0.0,0.14184328016711967,0.06594481185861609,0.016138690328353467,293
wine,300,0.003,smart_meta,11,0.0,0.14184328016711967,0.06594481185861609,0.016138690328353467,293
wine,300,0.003,param,11,0.0,0.14184328016711967,0.06594481185861609,0.016138690328353467,293
wine,300,0.0003,early,140,0.0,0.0002864632108192655,0.00014320664409222218,0.3016278530304445,294
wine,300,0.0003,smart_trend,45,0.10741129549225814,0.0002864632108192655,0.00014320664409222218,0.3016278530304445,294
wine,300,0.0003,smart_meta,62,0.051290604052115274,0.0002864632108192655,0.00014320664409222218,0.3016278530304445,294
wine,300,0.0003,param,11,0.30569310763487967,0.0002864632108192655,0.00014320664409222218,0.3016278530304445,294
wine,300,0.0005,early,11,0.0,0.19713605612071106,0.062007657749767596,0.021717924667388533,295
wine,300,0.0005,smart_trend,11,0.0,0.19713605612071106,0.062007657749767596,0.021717924667388533,295
wine,300,0.0005,smart_meta,11,0.0,0.19713605612071106,0.062007657749767596,0.021717924667388533,295
wine,300,0.0005,param,11,0.0,0.19713605612071106,0.062007657749767596,0.021717924667388533,295
wine,300,0.0005,early,17,0.0,0.019262846881801687,0.006268048245726411,0.009217947325590226,296
wine,300,0.0005,smart_trend,11,0.005286387616034394,0.019262846881801687,0.006268048245726411,0.009217947325590226,296
wine,300,0.0005,smart_meta,11,0.005286387616034394,0.019262846881801687,0.006268048245726411,0.009217947325590226,296
wine,300,0.0005,param,11,0.005286387616034394,0.019262846881801687,0.006268048245726411,0.009217947325590226,296
wine,300,0.003,early,14,0.013266002744961813,0.009391925999699846,0.003561617858021923,0.01653987925033451,297
wine,300,0.003,smart_trend,13,0.013266002744961813,0.009391925999699846,0.003561617858021923,0.01653987925033451,297
wine,300,0.003,smart_meta,11,0.013266002744961813,0.009391925999699846,0.003561617858021923,0.01653987925033451,297
wine,300,0.003,param,11,0.013266002744961813,0.009391925999699846,0.003561617858021923,0.01653987925033451,297
wine,300,0.003,early,6,0.0,0.12173630058463303,0.05027102805102001,0.007972666266732764,298
wine,300,0.003,smart_trend,11,0.0,0.12173630058463303,0.05027102805102001,0.007972666266732764,298
wine,300,0.003,smart_meta,11,0.0,0.12173630058463303,0.05027102805102001,0.007972666266732764,298
wine,300,0.003,param,11,0.0,0.12173630058463303,0.05027102805102001,0.007972666266732764,298
wine,300,0.005,early,9,0.006350491443162465,0.10382756926711789,0.037671951183492744,0.0530275406771753,299
wine,300,0.005,smart_trend,11,0.006350491443162465,0.10382756926711789,0.037671951183492744,0.0530275406771753,299
wine,300,0.005,smart_meta,11,0.006350491443162465,0.10382756926711789,0.037671951183492744,0.0530275406771753,299
wine,300,0.005,param,11,0.006350491443162465,0.10382756926711789,0.037671951183492744,0.0530275406771753,299
